H7,H,0
,,
H8,H,0
,,
H15,H,0
,,
H16,H,0
,,
H19,H,*
,,
H20,H,**
,,
H23,H,*
,,
H25,H,0
,,
H25,VIP,least favorite of Hitchcock
,,
H26,H,***
,,
H27,H,****
,,
H29,H,***
,,
H32,W50,
,,
H33,AA,
,,
H33,AANdir,
,,
H33,H,****
,,
H34,H,****
,,
H34,AAN,
,,
H37,H,***
,,
H38,VIP,two of everything
,,
H39,H,**
,,
H39,AANdir,
,,
H42,H,**
,,
H42,AAN,
,,
H42,AANdir,
,,
H43,H,***
,,
H43,AFISp,38
,,
H44,H,**
,,
H45,H,**
,,
H48,H,***
,,
H48,AFISp,32
,,
H50,H,**
,,
H51,H,***
,,
H51,AANdir,
,,
H51,AFISp,14
,,
H57,H,*
,,
H65,H,**
,,
H69,H,****
,,
H69,AFISp,7
,,
H73,AANdir,
,,
H73,NFR,
,,
H73,VIP,Zinneman
,,
H73,AFISp,1
,,
H79,H,***
,,
H79,AFISp,7
,,
H81,H,**
,,
H82,H,*
,,
H83,H,*
,,
ESP12,H,***
,,
DWG51,NFR,
,,
DWG51,CC,#8
,,
DWG52,H,***
,,
DWG57,H,**
,,
DWG64,H,**
,,
DWG67,H,*
,,
DWG71,H,**
,,
DWG80,W50,
,,
ThI18,H,v
,,
ThI20,H,v
,,
ThI40,H,***
,,
ThI60,H,v
,,
ADw17,H,**
,,
ADw35,H,*
,,
ADw40,H,0
,,
ADw41,H,*
,,
ADw45,H,**
,,
ADw45,VIP,Gore Vidal
,,
ADw70,H,0
,,
AEG39,H,*
,,
AEG41,H,*
,,
AEG60,H,****
,,
AEG70,H,0
,,
JCw50,H,0
,,
JCw61,H,**
,,
JCw61,AAN,
,,
JCw61,VIP,Gore Vidal
,,
JCw62,Fun,#77
,,
JCw62,H,**
,,
JCw62,AAN,
,,
ME240,H,0
,,
MSt30,H,*
,,
MSt53,H,*
,,
VSj7,H,*
,,
VSj8,H,***
,,
CDM51,H,**
,,
CDM56,H,***
,,
CDM59,AAN,
,,
CDM59,H,**
,,
CDM68,H,not
,,
CDM73,H,**
,,
CDM77,H,0
,,
CDM79,AA,
,,
CDM80,AAN,
,,
CDM80,H,*
,,
GBS92,H,0
,,
GBS93,H,0
,,
GBS95,H,0
,,
GBS96,H,0
,,
GBS97,H,0
,,
GBS98,H,0
,,
GBS100,H,0
,,
GBS102,H,0
,,
GBS103,H,0
,,
GBS110,H,0
,,
GBS130,H,0
,,
GBS132,H,0
,,
GBS140,H,v
,,
GBS144,H,0
,,
GBS145,H,0
,,
GBS150,H,0
,,
HBn30,H,**
,,
HBn40,H,0
,,
AK90,VIP,Gore Vidal
,,
AK90,VIP,Winston Churchill's favorite movie
,,
CC43,H,*
,,
CC64,H,***
,,
CC66,H,*
,,
CC70,H,***
,,
CC73,NFR,
,,
CC73,H,***
,,
CC75,AAN,
,,
CC75,H,*
,,
CC76,H,***
,,
CC76,CC,#10
,,
CC77,H,***
,,
CC78,Fun,#48
,,
CC78,H,**
,,
CC78,AAN,
,,
CC79,Fun,#25
,,
CC79,H,***
,,
EL31,H,**
,,
EL42,H,**
,,
EL51,H,**
,,
EL51,AAN,
,,
EL51,AANdir,
,,
EL57,H,****
,,
EL64,H,***
,,
EL64,AAN,
,,
EL65,Fun,#53
,,
EL65,H,**
,,
EL67,Fun,#20
,,
EL68,AAN,
,,
EL68,AANdir,
,,
EL68,H,***
,,
ASa30,H,0
,,
ASa31,H,*
,,
ASa34,H,0
,,
ASa39,H,0
,,
ECa65,H,*
,,
IGA50,H,0
,,
JMa60,H,0
,,
RaW2,H,***
,,
RaW47,H,***
,,
RaW59,H,***
,,
RaW63,H,**
,,
RaW64,H,**
,,
RaW66,H,**
,,
RaW72,H,0
,,
RaW73,H,0
,,
RaW78,H,0
,,
RaW82,H,0
,,
RaW85,H,0
,,
AG20,H,****
,,
AG30,H,*
,,
AG40,H,****
,,
HK25,H,*
,,
HK50,AAN,
,,
HK50,H,**
,,
HK56,H,0
,,
HK58,H,**
,,
HK66,H,***
,,
HK66,AAN,
,,
HK67,AAN,
,,
HK67,H,***
,,
HK69,H,***
,,
HK77,AAN,
,,
HK82,H,***
,,
HK82,AAN,
,,
HK86,H,*
,,
HK89,H,**
,,
HK91,AAN,
,,
HK91,H,*
,,
HK92,H,0
,,
JqF40,H,**
,,
JqF50,H,**
,,
SFr43,H,*
,,
SFr60,AAN,
,,
SFr60,AANdir,
,,
SFr60,H,***
,,
AlW40,H,**
,,
AlW60,H,***
,,
BsK13,H,***
,,
BsK21,H,**
,,
BsK22,H,**
,,
BsK23,H,***
,,
FLl30,H,*
,,
FLl30,AAdir,
,,
FLl40,H,0
,,
FLl40,AAN,
,,
FLl59,AA,
,,
FLl62,H,**
,,
FLl70,AA,
,,
FLl70,AANdir,
,,
FLl70,VIP,Eastman: 10 best classic
,,
FLl70,H,***
,,
FLl75,VIP,Gore Vidal
,,
FLl80,H,*
,,
FLl89,H,*
,,
FLl99,H,*
,,
GM190,H,**
,,
GM200,H,****
,,
GM210,H,***
,,
GM224,H,*
,,
GM227,H,0
,,
GM237,H,*
,,
GM300,H,*
,,
GM305,H,*
,,
GM310,H,0
,,
IF77,AAN,
,,
IF77,AAdir,
,,
IF77,H,***
,,
IF78,H,*
,,
IF79,H,**
,,
IF83,H,**
,,
IF86,H,****
,,
IF86,AAN,
,,
IF86,AANdir,
,,
IF87,H,***
,,
IF87,VIP,Gore Vidal
,,
IF88,H,**
,,
IF89,AAdir,
,,
IF89,AANprod,
,,
IF89,H,
,,
IF91,H,***
,,
IF92,AA,
,,
IF92,H,***
,,
IF98,H,***
,,
IF100,H,*
,,
IF106,AA,
,,
IF108,H,*
,,
IF111,AAN,
,,
IF111,H,**
,,
IF112,H,**
,,
IF112,CC,#6
,,
IF115,H,**
,,
IF125,H,0
,,
IF135,H,*
,,
RWN10,H,*
,,
RWN15,H,**
,,
RWN20,H,*
,,
RWN24,H,**
,,
RWN26,H,**
,,
RWN28,H,**
,,
RWN30,H,**
,,
RWN34,H,*
,,
RWN36,H,*
,,
RWN38,H,*
,,
RWN44,H,*
,,
RWN46,H,*
,,
RyB10,H,*
,,
RyB12,AAN,
,,
RyB12,H,****
,,
RyB14,H,*
,,
RyB18,H,v
,,
ViS84,H,*
,,
ViS86,H,**
,,
EvS7,H,**
,,
FrN5,H,*
,,
FrN8,H,***
,,
FrN11,H,0
,,
IMS20,H,*
,,
IMS25,AAN,
,,
IMS25,H,**
,,
IMS30,H,**
,,
IMS35,W50,
,,
IMS50,H,*
,,
IMS60,H,0
,,
KV23,NFR,
,,
KV25,H,*
,,
KV26,H,***
,,
KV26,AANdir,
,,
KV38,H,*
,,
KV40,H,*
,,
KV40,VIP,The Tear-jerker of all time
,,
KV42,H,***
,,
KV43,H,*
,,
KV50,H,*
,,
KV54,H,**
,,
KV56,H,**
,,
KV58,H,**
,,
KV59,H,*
,,
KV61,H,*
,,
KV64,AANdir,
,,
TB34,H,0
,,
TB35,H,*
,,
TB55,H,***
,,
TB55,VIP,Eastman: 10 best classic
,,
TB60,H,**
,,
TB67,H,*
,,
WAS77,H,****
,,
WAS82,H,0
,,
WAS83,H,*
,,
WAS95,H,*
,,
WAS100,H,*
,,
WAS115,H,0
,,
WAS125,H,0
,,
WvD36,H,*
,,
WvD43,H,**
,,
WvD51,Fun,#57
,,
WvD51,H,****
,,
WvD51,AAN,
,,
WvD51,AANdir,
,,
WvD53,H,**
,,
WvD53,AAN,
,,
WvD56,H,****
,,
WvD60,H,**
,,
WvD64,VIP,Gore Vidal
,,
WvD67,H,**
,,
WvD69,H,0
,,
WvD70,H,0
,,
WvD72,H,0
,,
WvD79,H,*
,,
AbP50,H,0
,,
C94,H,*
,,
C104,AAN,
,,
C104,H,**
,,
C106,H,***
,,
C112,H,****
,,
C112,AAN,
,,
C113,H,***
,,
C113,AAN,
,,
C113,AANdir,
,,
C115,H,***
,,
C115,AANdir,
,,
C118,H,**
,,
C119,H,***
,,
C121,H,***
,,
C122,H,**
,,
C123,H,**
,,
C124,H,**
,,
C127,AA,
,,
C127,AAdir,
,,
C127,H,****
,,
C127,AFI77 ,#3
,,
C127,CC,#3
,,
C127,VIP,TMA producer
,,
C131,H,0
,,
C134,AAN,
,,
C142,H,*
,,
C143,H,*
,,
C146,H,*
,,
C160,H,*
,,
C165,H,0
,,
C171,H,*
,,
CBa30,H,v
,,
CBa40,H,*
,,
CBa45,H,0
,,
CBa50,H,0
,,
FL8,H,*
,,
FL11,H,***
,,
FL12,H,***
,,
FL13,H,***
,,
FL16,H,***
,,
FL19,H,***
,,
FL23,H,**
,,
FL27,H,***
,,
FL28,H,**
,,
FL29,H,**
,,
FL30,H,*
,,
FL35,H,*
,,
FL37,H,**
,,
FM3,H,***
,,
FM4,H,***
,,
FM6,H,**
,,
FM7,H,**
,,
FNm12,H,***
,,
GAr58,H,0
,,
GAr59,H,*
,,
GAr80,H,0
,,
GF90,H,*
,,
GF150,H,**
,,
GF160,H,*
,,
HB40,H,*
,,
HB80,H,*
,,
HB80,AA,
,,
HB95,H,*
,,
JuD8,H,**
,,
JuD16,H,*
,,
RhS20,H,v
,,
RW1,H,***
,,
CBw9,H,**
,,
CBw12,H,*
,,
CBw12,Kron most sexy,
,,
CBw15,H,0
,,
CBw17,AANdir,
,,
CBw17,H,**
,,
CBw18,H,*
,,
CBw18,AANdir,
,,
CBw19,H,0
,,
CBw22,H,**
,,
CBw29,H,**
,,
CBw31,H,*
,,
CBw33,H,**
,,
CBw36,H,***
,,
CBw37,H,**
,,
CBw38,H,*
,,
CBw42,H,*
,,
CBw43,H,**
,,
CBw43,AAN,
,,
CBw43,AANdir,
,,
CBw45,H,***
,,
CBw48,H,0
,,
CDr9,H,*
,,
CDr9,VIP,Kael [2]:greatest ever
,,
CDr30,H,***
,,
CuB40,H,*
,,
CuB40,RFP,
,,
CuB44,H,0
,,
FB13,AAN,
,,
FB13,AAdir,
,,
FB13,H,**
,,
FB15,H,*
,,
FB27,AAN,
,,
FB27,H,**
,,
FB29,H,*
,,
FB42,H,*
,,
FB45,H,**
,,
FB52,H,**
,,
HWx5,H,*
,,
HWx9,H,0
,,
HWx10,H,0
,,
HWx16,H,***
,,
HWx17,H,**
,,
HWx19,H,0
,,
HWx20,H,*
,,
HWx21,H,0
,,
HWx22,H,0
,,
HWx45,H,*
,,
HWx54,H,0
,,
HWx55,H,0
,,
JWH40,NFR,
,,
JWH40,H,****
,,
JWH48,H,***
,,
JWH50,H,**
,,
JWH60,H,not
,,
JWH70,H,**
,,
JWH80,Fun,#65
,,
JWH80,H,****
,,
JWH100,H,0
,,
RoF20,H,**
,,
RoF30,H,**
,,
SW7,VIP,Gore Vidal
,,
SW10,Fun,#31
,,
SW10,H,****
,,
SW13,H,*
,,
SW15,H,***
,,
SW18,H,**
,,
SW18,AAN,
,,
SW18,AANdir,
,,
SW19,H,**
,,
SW21,H,****
,,
SW21,AAN,
,,
SW21,AANdir,
,,
SW22,AAN,
,,
SW22,H,**
,,
SW30,H,0
,,
VF23,H,*
,,
VF23,AAN,
,,
VF25,H,v
,,
VF33,H,***
,,
VF36,H,**
,,
VF38,H,**
,,
VF39,H,0
,,
VF41,H,**
,,
VF41,AAN,
,,
VF43,H,***
,,
VF43,AAN,
,,
VF43,CC,#9
,,
VF44,AA,
,,
VF44,AAdir,
,,
VF44,AFI77 ,#1
,,
VF44,CC,#2
,,
VF44,Kron most sexy,
,,
VF45,VIP,Eastman: 10 best classic
,,
VF47,H,0
,,
VF48,H,0
,,
ViH20,H,***
,,
Z2010,NFR,
,,
Z2010,H,-
,,
AdB21,H,*
,,
EdS50,H,***
,,
EHG15,H,*
,,
EHG38,H,0
,,
EHG48,H,0
,,
EHG50,H,0
,,
HRi17,VIP,***
,,
RaI50,H,0
,,
RaI55,H,not
,,
RaI60,H,v
,,
SaT15,H,*
,,
SaT23,H,0
,,
JEp15,H,0
,,
WR40,AA,
,,
WR40,AANdir,
,,
WR40,H,*
,,
WR72,H,0
,,
WR80,H,*
,,
WR86,H,*
,,
WR120,H,**
,,
AC5,H,**
,,
AC6,H,*
,,
AC8,H,***
,,
AC20,H,*
,,
GHl7,AAN,
,,
GHl7,H,**
,,
GHl9,H,*
,,
GP3,H,*
,,
GP7,H,*
,,
GP13,H,**
,,
KGr10,H,v
,,
RC5,H,***
,,
RC9,VIP,Kael
,,
RC10,H,****
,,
RC13,VIP,Gore Vidal
,,
RC18,H,***
,,
RC19,H,****
,,
RC21,H,***
,,
RuJ3,H,***
,,
TWh20,H,*
,,
TWh25,H,**
,,
TWh37,H,0
,,
TWh41,H,0
,,
TWh45,H,*
,,
TWh50,H,*
,,
WiB199,H,0
,,
W30,AA,
,,
W30,H,*
,,
W38,H,v
,,
W41,H,v
,,
W50,H,***
,,
W55,H,0
,,
W60,H,*
,,
W66,H,*
,,
W73,AAN,
,,
W73,AANdir,
,,
W73,H,***
,,
W74,H,****
,,
W75,H,0
,,
W77,H,**
,,
W78,H,*
,,
W82,H,*
,,
W83,AAN,
,,
W83,H,**
,,
W98,H,*
,,
W100,H,*
,,
W100,AANdir,
,,
WWo10,H,**
,,
EMH10,H,0
,,
JR20,H,*
,,
JR25,Fun,#100
,,
JR25,H,***
,,
JR70,H,***
,,
JR75,H,**
,,
JR77,H,*
,,
JR81,H,*
,,
JR92,H,0
,,
PlL2,H,***
,,
SE3,H,***
,,
SE4,H,****
,,
SE4,VIP,Halliwell: judged best film ever made
,,
SE20,H,****
,,
SE25,H,**
,,
SE25,W50,
,,
SE26,W50,
,,
WKH35,H,*
,,
WKH44,H,0
,,
WKH50,VIP,Gore Vidal
,,
AES10,H,*
,,
AES70,H,*
,,
AES90,H,0
,,
AES100,H,*
,,
AJG50,H,**
,,
ChR10,H,*
,,
ChR50,H,*
,,
CLa95,H,0
,,
CLa100,H,*
,,
CLa110,H,*
,,
CLa114,H,0
,,
CLa115,H,*
,,
CLa121,H,*
,,
CLa125,H,*
,,
EAD10,H,**
,,
EG3,H,*
,,
EG10,H,*
,,
EG11,AA,
,,
EG11,H,**
,,
EG16,H,**
,,
EG17,H,**
,,
EG17,AAN,
,,
EG23,H,*
,,
EG25,H,*
,,
EG20,H,*
,,
EG28,H,0
,,
GLC13,AAN,
,,
GLC13,AANdir,
,,
GLC13,H,***
,,
GLC15,H,0
,,
IGB50,H,***
,,
IrC67,H,*
,,
IrC81,H,*
,,
IrC86,H,*
,,
IrC95,H,0
,,
LM2,H,0
,,
LM4,AA,
,,
LM9,AA,
,,
LM9,AAdir,
,,
LM9,H,****
,,
LM10,AAN,
,,
LM10,AAdir,
,,
LM11,H,0
,,
LM15,H,**
,,
LM17,H,***
,,
LM17,AAN,
,,
LM20,H,*
,,
LM22,H,*
,,
LM25,H,***
,,
LM26,H,**
,,
LM32,H,**
,,
LM38.,AAN,
,,
LM38.,H,0
,,
LM110,H,*
,,
MoB10,H,*
,,
S5,AAN,
,,
S5,H,**
,,
S9,H,****
,,
S10,NFR,
,,
S10,H,***
,,
S10,AANdir,
,,
S12,H,**
,,
S13,H,***
,,
S13,AAN,
,,
S13,AANdir,
,,
S14,H,*
,,
S15,H,***
,,
ThD30,H,****
,,
ThD50,H,*
,,
WW23,H,*
,,
WW30,H,*
,,
WW42,AAN,
,,
WW42,AANdir,
,,
WW43,AAN,
,,
WW43,H,***
,,
WW44,H,***
,,
WW44,AAN,
,,
WW45,H,****
,,
WW45,AAN,
,,
WW45,AANdir,
,,
WW46,AAN,
,,
WW46,AANdir,
,,
WW46,H,****
,,
WW47,H,**
,,
WW48,AAN,
,,
WW48,H,***
,,
WW48,AANdir,
,,
WW54,AA,
,,
WW60,H,0
,,
WW63,H,****
,,
WW63,AA,
,,
WW63,AAdir,
,,
WW64,AAN,
,,
WW64,AANdir,
,,
WW64,CG,****
,,
WW65,AANdir,
,,
WW66,H,**
,,
WW67,AAN,
,,
WW67,AANdir,
,,
WW67,H,**
,,
WW73,H,*
,,
WW80,H,***
,,
WW81,AA,
,,
WW81,AAdir,
,,
WW81,H,**
,,
WW85,H,**
,,
WW85,AAN,
,,
WW87,H,*
,,
ACa40,H,***
,,
ACa50,H,****
,,
ACa60,H,**
,,
ACa95,H,v
,,
AM15,H,*
,,
AM18,H,**
,,
AM23,H,*
,,
AM27,H,0
,,
AM29,H,**
,,
AM31,H,**
,,
AM35,H,**
,,
AM36,H,**
,,
ASR40,H,*
,,
EBS50,H,****
,,
FC22,H,**
,,
FC24 ,H,***
,,
FC24 ,AAN,
,,
FC24 ,AANdir,
,,
FC25,Fun,#18
,,
FC25,H,****
,,
FC25,AA,
,,
FC25,AAdir,
,,
FC25,Kron most sexy,
,,
FC26,AANdir,
,,
FC26,H,***
,,
FC26,AAN,
,,
FC27,H,****
,,
FC27,AAN,
,,
FC28,AA,
,,
FC29,H,****
,,
FC29,AAN,
,,
FC29,AANdir,
,,
FC30,AANdir,
,,
FC34,Fun,#98
,,
FC34,H,***
,,
FC35,H,****
,,
FC35,AAN,
,,
FC35,AANdir,
,,
FC35,CC,#4
,,
FC36,H,***
,,
FC38,H,*
,,
Gmy25,H,*
,,
Gmy25,VFFdir,
,,
GMy45,H,*
,,
HH9,H,**
,,
HH12,H,***
,,
HH13,H,*
,,
HH14,H,*
,,
HH15,H,***
,,
HH21,H,***
,,
HH21,Fun,#05
,,
HH22,H,**
,,
HH23,Fun,#16
,,
HH23,H,****
,,
HH25,H,*
,,
HH27,H,**
,,
HH28,H,***
,,
HH29,H,*
,,
HH31,H,**
,,
HH34,H,*
,,
HH37,H,*
,,
LlB21,H,*
,,
LlB35,NFR,
,,
LlB35,H,***
,,
LlB40,H,**
,,
LlB50,H,*
,,
LlB55,H,*
,,
LlB57,H,***
,,
LlB64,H,0
,,
LlB83,H,0
,,
LlB85,CG,***
,,
LlB95,H,*
,,
RVL10,H,***
,,
RVL16,H,*
,,
RVL17,H,**
,,
RVL25,H,0
,,
RVL28,H,***
,,
RVL30,H,**
,,
RVL32,H,*
,,
RyT55,H,0
,,
WlD5,H,***
,,
WlD8,H,0
,,
WlD15,H,*
,,
WlD18,H,0
,,
WlD19,H,***
,,
WlD20,H,0
,,
WlD24,H,***
,,
WlD24,AANdir,
,,
WlD24,VIP,Gore Vidal
,,
WlD29,H,*
,,
WlD33,AA,
,,
WlD35,H,**
,,
WlD36,H,****
,,
WlD37,H,***
,,
WlD38,H,**
,,
WlD39,H,****
,,
WlD43,H,**
,,
WlD45,H,*
,,
WlD51,H,*
,,
WlD53,H,0
,,
WlD58,H,*
,,
WlD61,H,*
,,
ByH5,H,0
,,
ByH8,H,*
,,
ByH13,H,*
,,
ByH15,H,*
,,
CBm10,Fun,#09
,,
CBm10,H,****
,,
CBm11,H,*
,,
CBm60,H,**
,,
DaB3,H,*
,,
DaB4,H,0
,,
DaB8,H,0
,,
DaB9,H,**
,,
DaB11,H,*
,,
DaB17,H,*
,,
DaB19,H,**
,,
DaB20,H,*
,,
DaB21,H,***
,,
DaB23,H,0
,,
DaB28,H,*
,,
DaB28,CG,**
,,
DaB30,H,0
,,
DAz5,H,v
,,
DAz21,H,*
,,
DAz23,H,*
,,
DMD25,H,****
,,
DMD35,H,**
,,
DMD40,H,0
,,
DMD50,H,*
,,
FTu10,H,0
,,
FTu19,H,**
,,
FTu20,H,**
,,
FTu20,VIP,Gore Vidal
,,
Ftu23,H,0
,,
Ftu25,H,**
,,
FTu40,H,v
,,
FTu50,H,**
,,
FTu60,H,0
,,
HDA7,H,*
,,
HoB35,H,not
,,
JTg5,H,0
,,
LoM6,H,*
,,
LoM10,H,**
,,
LwS150,H,*
,,
LwS160,H,0
,,
LwS180,H,0
,,
LwS190,H,0
,,
MLR4,H,****
,,
MLR6,H,0
,,
MLR7,H,*
,,
MLR8,H,****
,,
MLR8,AAN,
,,
MLR12,H,*
,,
MLR14,H,***
,,
MLR16,H,0
,,
MLR17,H,*
,,
MLR18,AAN,
,,
MLR18,H,*
,,
MLR22,H,**
,,
MLR23,H,**
,,
MLR27,H,***
,,
MLR27,AAN,
,,
MLR27,AANdir,
,,
MLR29,H,**
,,
MLR30,H,0
,,
MLR31,H,0
,,
MLR32,H,*
,,
MLR35,AAN,
,,
MLR35,H,**
,,
MLR40,H,*
,,
MLR43,H,*
,,
MLR50,H,0
,,
RFl3,H,0
,,
RFl5,H,*
,,
RFl20,H,*
,,
RFl30,H,0
,,
RFl33,H,*
,,
REn6,H,**
,,
REn18,H,*
,,
REn20,H,0
,,
REn45,H,*
,,
REn50,H,0
,,
REn53,H,**
,,
REn55,H,0
,,
REn60,H,0
,,
RWa10,H,*
,,
RWa12,H,0
,,
RWa50,H,***
,,
RWa65,H,0
,,
RWa72,H,*
,,
RWa90,H,0
,,
RZL19,H,*
,,
RZL20,H,**
,,
RZL20,AA,
,,
RZL20,AANdir,
,,
RZL22,H,*
,,
RZL24,H,0
,,
RZL25,H,*
,,
RZL26,H,***
,,
RZL28,H,*
,,
RZL31,H,*
,,
RZL39,H,0
,,
VrS24,H,**
,,
VrS25,H,***
,,
WRu10,H,***
,,
WLa14,H,*
,,
WLa18,H,**
,,
WLa19,H,***
,,
WLa20,H,*
,,
WLa21,H,*
,,
WLa22,H,***
,,
WLa23,H,*
,,
WLa24,H,0
,,
WLa27,H,**
,,
WLa29,H,**
,,
WLa38,H,**
,,
WLa42,AAN,
,,
WLa42,AANdir,
,,
WLa42,H,*
,,
WLa43,H,**
,,
WLa45,H,0
,,
WLa50,H,*
,,
YOz15,H,v
,,
YOz55,H,v
,,
YOz65,H,v
,,
YOz75,H,v
,,
YOz95,H,v
,,
AA13,H,****
,,
AA13,AAN,
,,
AA16,H,***
,,
AA28,Baer,special
,,
AA29,H,**
,,
AA37,H,*
,,
AA38,H,*
,,
AA41,H,**
,,
FeF12,H,not
,,
FeF8,H,*
,,
HMR10,H,0
,,
LB12,H,v
,,
LB14,H,**
,,
LB25,H,***
,,
LB26,H,*
,,
LB30,H,*
,,
LeJ10,H,0
,,
LeJ12,H,*
,,
LeJ20,H,0
,,
LeL20,Palm>,Peace prize
,,
LeL20,H,
,,
LeL20,VIP,best Swiss film
,,
LeL30,Baer,gold
,,
LuH10,H,*
,,
NT20,AAdir,
,,
NT20,AAN,
,,
NT31,H,*
,,
NT32,H,0
,,
NT36,H,*
,,
NT40,H,*
,,
NT44,H,*
,,
NT45,H,*
,,
NT50,H,*
,,
NT55,H,***
,,
NT60,AAN,
,,
NT60,AANdir,
,,
NT60,H,**
,,
NT70,H,*
,,
NT110,H,*
,,
NT120,H,0
,,
NT121,H,0
,,
NT127,H,0
,,
RTh3,H,**
,,
RTh4,H,0
,,
RTh6,H,**
,,
RTh7,H,*
,,
RTh8,H,0
,,
RTh10,NYFA,worst film of the year
,,
RTh12,H,*
,,
RTh35,H,*
,,
RTh42,H,0
,,
TG15,H,*
,,
TG19,H,*
,,
TG20,H,0
,,
TG21,H,*
,,
TG22,H,*
,,
TG30,H,*
,,
TG30,Kron most sexy,
,,
TG32,H,*
,,
WaF10,H,****
,,
WaF15,H,***
,,
WaF20,H,*
,,
WaF25,H,*
,,
WaF35,H,*
,,
WaF40,H,**
,,
WD101,H,****
,,
WD101,AAdir,honorary
,,
WD102,H,****
,,
WD103,H,****
,,
WD105,H,***
,,
AD20,VIP,world's 10 best'
,,
AD40,H,**
,,
BVi12,H,0
,,
FRJ30,H,*
,,
GgA9,H,0
,,
ICr4,H,0
,,
ICr6,H,0
,,
ICr10,H,*
,,
ICr19,H,**
,,
ICr25,H,**
,,
ICr27,H,***
,,
ICr27,VIP,Gore Vidal: best
,,
ICr28,H,**
,,
ICr30,H,*
,,
ICr35,H,***
,,
ICr35,AAN,
,,
ICr38,H,**
,,
ICr40,H,*
,,
ICr42,H,0
,,
IFD25,H,0
,,
JdL10,H,0
,,
JdL12,H,*
,,
LiB1,AANdir,
,,
LiB1,H,*
,,
LMC6,H,**
,,
LMC9,Fun,#07
,,
LMC9,H,****
,,
LMC12,AAN,
,,
LMC12,H,**
,,
LMC13,H,*
,,
LMC14,H,**
,,
LMC15,AAN,
,,
LMC15,AAdir,
,,
LMC15,H,***
,,
LMC16,H,***
,,
LMC16,AAN,
,,
LMC18,AA,
,,
LMC18,AAdir,
,,
LMC18,H,**
,,
LMC19,AAN,
,,
LMC19,AANdir,
,,
LMC19,H,**
,,
LuR8,H,0
,,
LuR10,H,0
,,
MkD10,H,***
,,
MkD11,H,***
,,
MkD12,H,***
,,
NoL26,H,0
,,
NoL30,H,0
,,
NoL45,H,not
,,
RdR10,H,*
,,
RdR30,H,*
,,
RdR32,H,**
,,
RdR44,H,***
,,
RdR46,H,*
,,
RdR48,H,***
,,
RdR52,H,*
,,
RdR53,AAN,
,,
RdR53,H,**
,,
RdR56,H,*
,,
RdR61,H,0
,,
RdR63,H,*
,,
RdR64,H,***
,,
RdR70,H,0
,,
RM1,H,***
,,
RM6,H,***
,,
,H,**
,,
RM12,H,***
,,
RM13,H,*
,,
,H,**
,,
,H,*
,,
,H,**
,,
,H,***
,,
,H,***
,,
ThF11,H,0
,,
ThF15,H,**
,,
ThF17,H,*
,,
ThF25,H,0
,,
WTh3,H,0
,,
WTh10,H,*
,,
WTh23,VIP,Eastman: 10 best classic
,,
BDn2,H,0
,,
GC7,H,*
,,
GC8,H,**
,,
GC11,Fun,#45
,,
GC11,H,***
,,
GC12,H,***
,,
GC12,AAN,
,,
GC12,AANdir,
,,
GC13,H,****
,,
GC13,AAN,
,,
GC15,AAN,
,,
GC15,H,*
,,
GC16,H,**
,,
GC17,H,***
,,
GC19,H,***
,,
GC20,H,*
,,
GC21,H,****
,,
GC21,AAN,
,,
GC21,AANdir,
,,
GC21,VIP,Eastman: 10 best classic
,,
GC22,H,**
,,
GC23,H,*
,,
GC26,H,**
,,
GC26,AAN,
,,
GC29,H,**
,,
GC29,AANdir,
,,
GC30,NFR,
,,
GC30,Fun,44
,,
GC30,H,***
,,
GC31,H,0
,,
GC33,Fun,#59
,,
GC33,AAN,
,,
GC33,AANdir,
,,
GC41,RFP,
,,
GC41,H,*
,,
GC44,H,0
,,
GC45,H,*
,,
GC48,AA,
,,
GC48,H,***
,,
GC52,H,0
,,
GC54,H,0
,,
GC54,CG,**
,,
HHu1,H,****
,,
HHu2,H,*
,,
IB20,H,*
,,
IB21,H,*
,,
JC9,H,**
,,
JC10,H,***
,,
JC11,H,**
,,
JPa7,H,***
,,
JPa8,H,*
,,
JPa9,H,*
,,
JPa10,H,***
,,
JPa12,H,****
,,
JPa12,AA,
,,
JPa14,H,**
,,
JPa40,H,v
,,
JVi10,H,**
,,
JW1,H,*
,,
JW2,H,****
,,
JW4,H,****
,,
JW9,H,****
,,
JW11,H,***
,,
JW17,H,**
,,
JW18,H,*
,,
MOp4,H,*
,,
MOp16,NFR,
,,
MOp16,H,****
,,
MOp19,H,***
,,
MOp21,H,*
,,
MSa6,H,****
,,
MSa6,AAN,
,,
MSa7,H,****
,,
MSa7,AAN,
,,
MSa8,H,**
,,
MSa10,H,**
,,
MSa12,H,*
,,
NGr10,H,0
,,
NGr20,H,*
,,
SGB60,H,0
,,
GeG10,H,0
,,
GeK5,H,*
,,
GeK10,H,0
,,
GeK20,H,0
,,
JNm25,H,*
,,
JNm30,H,**
,,
JNm40,H,**
,,
JWR12,H,*
,,
JWR13,H,0
,,
LHe10,H,*
,,
MAl13,H,0
,,
MBa27,H,*
,,
NML2,H,****
,,
NML4,H,**
,,
NML5,Fun,#29
,,
NML5,H,**
,,
NML7,H,**
,,
NML10,H,*
,,
NML21,H,0
,,
NML23,H,***
,,
NML24,H,**
,,
NML31,H,0
,,
StW7,H,0
,,
StW9,H,0
,,
StW10,H,*
,,
WCM2,H,0
,,
WCM6,H,****
,,
WCM22,H,*
,,
WCM32,H,0
,,
AL10,H,**
,,
AL12,AAN,
,,
AL12,H,**
,,
AL13,H,*
,,
AL14,H,***
,,
AL16,H,**
,,
AL22,H,**
,,
AL26,H,**
,,
AL27,H,0
,,
AlH8,H,**
,,
AlH21,H,*
,,
AlH22,H,0
,,
AlH23,H,*
,,
AlH24,H,***
,,
AlH30,H,*
,,
AlH38,H,0
,,
CMF1,H,0
,,
EaK8,H,*
,,
EaK50,H,0
,,
EBz30,H,**
,,
EBz46,H,0
,,
ElN2,H,0
,,
ElN5,H,*
,,
ElN7,H,*
,,
ElN8,H,***
,,
ElN10,H,0
,,
ElN11,H,*
,,
ElN13,Fun,#74
,,
ElN13,H,*
,,
ElN14,H,***
,,
ElN15,H,*
,,
ElN20,H,0
,,
ELM15,H,*
,,
ELM22,H,***
,,
ELM26,H,*
,,
ELM29,H,0
,,
ELu19,H,0
,,
ELu20,H,*
,,
ELu30,H,0
,,
ELu49,H,0
,,
FrW10,H,0
,,
HBH31,H,**
,,
HBH75,H,0
,,
HBH90,H,0
,,
HHa10,H,*
,,
HHa12,H,**
,,
HHa12,AAN,
,,
HHa12,AANdir,
,,
HHa15,H,0
,,
HHa16,H,*
,,
HHa20,H,*
,,
HHa21,H,0
,,
HHa22,H,*
,,
HHa27,H,*
,,
HHa28,H,****
,,
HHa31,H,**
,,
HHa32,H,**
,,
HHa38,H,**
,,
HHa39,H,***
,,
HHa50,H,0
,,
HHa54,H,*
,,
HHa54,AAN,
,,
HHa56,H,0
,,
HHa60,H,0
,,
HHa65,H,*
,,
HHa72,H,0
,,
IrP11,H,*
,,
IrP12,H,**
,,
IrP15,AAN,
,,
IrP15,H,**
,,
IrP18,H,*
,,
IrP19,H,*
,,
IrP21,H,*
,,
IrP27,H,*
,,
KFr1,H,**
,,
KFr1,VIP,Gore Vidal
,,
KuN4,H,0
,,
KuN5,VIP,Gore Vidal
,,
KuN12,H,0
,,
KuN14,H,0
,,
LeR10,H,****
,,
OP15,H,*
,,
OP20,H,*
,,
OP24,NFR,
,,
OP24,H,*
,,
OP26,H,*
,,
OP30,H,**
,,
OP30,AAN,
,,
OP40,H,0
,,
OP50,H,0
,,
PCz25,H,*
,,
PCz30,H,*
,,
RoS3,H,*
,,
RoS6,H,*
,,
RoS11,H,*
,,
RoS13,H,*
,,
RoS17,H,**
,,
RoS60,H,*
,,
RoS65,H,*
,,
RoS68,H,*
,,
RoS85,H,*
,,
RoS90,H,***
,,
RoS90,AAN,
,,
RoS90,AANdir,
,,
RoS94,H,*
,,
RoS95,H,0
,,
RoS98,H,**
,,
RoS100,H,0
,,
RoS112,H,0
,,
RoS120,H,**
,,
SLa2,H,0
,,
SLa14,H,**
,,
SLa18,H,*
,,
SLa20,H,***
,,
SLa22,H,0
,,
SLa30,H,*
,,
StR5,H,**
,,
StR10,H,*
,,
VHa10,H,**
,,
VrM40,H,****
,,
VrM42,H,**
,,
WmK15,H,0
,,
WmK16,H,****
,,
WmK18,VIP,Gore Vidal
,,
ZK4,H,*
,,
Zk5,H,**
,,
ZK9,Baer,bronze
,,
BW2,H,**
,,
BW4,NFR,
,,
BW4,H,****
,,
BW4,AAN,
,,
BW4,AANdir,
,,
BW4,Kron most sexy,
,,
BW5,H,****
,,
BW5,AA,
,,
BW5,AAdir,
,,
BW7,H,**
,,
BW8,AAN,
,,
BW8,AANdir,
,,
BW8,H,***
,,
BW9,H,***
,,
BW11,AANdir,
,,
BW16,Fun,#02
,,
BW16,H,***
,,
BW16,AANdir,
,,
BW17,AA,
,,
BW17,AAdir,
,,
BW17,VIP,Zinneman
,,
BW19,H,*
,,
BW21,H,*
,,
BW30,H,0
,,
CAL20,H,***
,,
CAL25,H,*
,,
CAL36,H,*
,,
DeD18,H,*
,,
DeD30,H,*
,,
DeD42,H,**
,,
DeD50,H,*
,,
DeD60,H,0
,,
DeD62,H,**
,,
DeD65,H,*
,,
FSt20,H,*
,,
GSt2,AAN,
,,
GSt2,H,**
,,
GSt3,H,0
,,
GSt4,H,**
,,
GSt5,H,*
,,
GSt7,H,*
,,
GSt8,H,***
,,
GSt9,H,0
,,
GSt13,H,***
,,
GSt13,AAN,
,,
GSt13,AANdir,
,,
GSt15,AAdir,
,,
GSt15,AAN,
,,
GSt15,H,**
,,
GSt17,AAN,
,,
GSt17,AANdir,
,,
GSt17,H,***
,,
GSt18,H,**
,,
GSt18,AAN,
,,
GSt18,AAdir,
,,
GSt19,AAN,
,,
GSt19,AANdir,
,,
GSt19,H,**
,,
LlF10,H,***
,,
MCC12,H,*
,,
MCC12,VIP,Gore Vidal
,,
ML6,H,**
,,
ML8,H,*
,,
ML9,H,**
,,
ML12,H,**
,,
ML13,H,***
,,
ML14,H,*
,,
ML15,H,***
,,
ML17,H,*
,,
ML21,H,**
,,
ML32,Baer,gold
,,
RMk10,H,**
,,
xCm20,H,*
,,
ABW40,H,*
,,
ArL17,H,0
,,
ArL22,H,*
,,
ArL26,H,0
,,
ArL28,H,*
,,
ArL29,H,*
,,
ArL36,H,*
,,
ArL39,H,0
,,
ArL58,H,0
,,
ChE2,H,*
,,
CdG1,H,***
,,
CR10,H,***
,,
CR12,H,***
,,
CR14,H,***
,,
CR15,H,****
,,
CR16,H,***
,,
CR17,AANdir,
,,
CR17,H,****
,,
CR18,AANdir,
,,
CR18,H,****
,,
CR19,H,****
,,
CR24,H,*
,,
CR27,AAdir,
,,
DBr10,H,0
,,
DSk15,H,v
,,
DSk48,H,0
,,
DSk49,H,**
,,
DSk66,CG,***
,,
DSk67,VIP,Margulies: bad movies we love
,,
DSk69,H,*
,,
EGU1,H,*
,,
EGU17,H,*
,,
EGU20,NFR,
,,
GMe10,H,**
,,
HY1,H,***
,,
HY1,VIP,Gore Vidal
,,
HY10,H,0
,,
HY20,H,0
,,
JN2,H,0
,,
JN3,H,**
,,
JN10,AAN,
,,
JN12,H,**
,,
JN14,RFP,
,,
JN16,H,0
,,
JN19,H,*
,,
JN20,H,**
,,
JN21,AAN,
,,
JN21,H,**
,,
JN23,H,*
,,
JN25,H,0
,,
JN31,H,0
,,
LoS2,Fun,#87
,,
LoS2,H,***
,,
LoS2,AAN,
,,
LoS10,H,0
,,
MPa3,H,not
,,
MPa5,H,*
,,
RWB10,H,**
,,
RWB20,H,*
,,
RWB42,H,**
,,
RWB45,H,***
,,
RWB58,H,**
,,
RWB73,H,0
,,
RWB77,H,0
,,
BBe1,H,**
,,
BBe17,H,*
,,
BBe17,VIP,poorly paced
,,
BeH1,H,**
,,
CMA1,H,**
,,
EDm18,H,0
,,
EDm22,H,***
,,
EDm25,H,*
,,
EDm26,AAN,
,,
EDm26,AANdir,
,,
EDm35,H,*
,,
EDm38,H,0
,,
EDm39,H,*
,,
EDm40,H,0
,,
EDm43,H,0
,,
GWh10,H,*
,,
HRv10,H,0
,,
HJB50,NFR,
,,
JKa47,H,0
,,
LoK30,H,0
,,
TWa10,H,0
,,
BDH10,H,0
,,
EMv10,H,v
,,
GDo2,AA,
,,
GDo4,H,*
,,
GDo18,H,*
,,
GDo23,H,*
,,
GDo37,H,***
,,
GDo39,H,0
,,
GDo49,H,0
,,
GDo50,H,0
,,
GDo71,H,0
,,
GDo74,H,0
,,
GDo79,H,**
,,
GDo83,H,0
,,
GDo92,H,0
,,
HaF29,H,0
,,
HaF35,H,0
,,
HaF37,RFP,
,,
HaF37,H,0
,,
HCP1,H,*
,,
HCP4,H,*
,,
HCP6,H,**
,,
HCP10,H,***
,,
HCP11,H,***
,,
HCP12,H,*
,,
HCP22,H,**
,,
HCP24,H,***
,,
HCP28,H,*
,,
HeM20,H,*
,,
HeM30,H,*
,,
HKo10,H,*
,,
HKo12,H,*
,,
HKo13,H,**
,,
HKo17,H,*
,,
HKo18,AAN,
,,
HKo18,RFP,
,,
HKo21,H,**
,,
HKo22,H,*
,,
HKo23,H,0
,,
HKo24,H,***
,,
HKo29,AAN,
,,
HKo29,H,**
,,
HKo30,H,0
,,
HKo39,H,0
,,
HKo41,H,*
,,
HKo43,H,*
,,
HWa9,RFP,
,,
JFll,H,0
,,
MC5,H,***
,,
MC6,H,*
,,
MC7,H,****
,,
NF16,H,***
,,
NF21,H,*
,,
VtH10,H,*
,,
WCl19,H,0
,,
GrR1,H,*
,,
GrR3,H,***
,,
GrR4,H,0
,,
GrR5,H,0
,,
GrR6,H,**
,,
GrR7,H,*
,,
GrR10,H,*
,,
GrR15,H,**
,,
IBt20,H,*
,,
IBt24,H,***
,,
IBt38,H,0
,,
IFa14,H,*
,,
IFa17,H,0
,,
IFa18,H,**
,,
IFa24,H,0
,,
IFa25,H,*
,,
IFa28,H,***
,,
IFa32,H,*
,,
IFa34,H,*
,,
IFa45,H,0
,,
JPH1,H,0
,,
JPH2,H,**
,,
JPH10,H,0
,,
DvH10,H,****
,,
GeS15,H,0
,,
GeS27,H,0
,,
GeS29,H,0
,,
HDc6,H,**
,,
JMu3,Delluc,
,,
MP4,H,****
,,
MP6,AAN,
,,
MP6,H,***
,,
MP8,H,***
,,
MP12,H,****
,,
MP12,RFP,
,,
MP13,H,***
,,
MP15,H,****
,,
MP15,AAN,
,,
MP17,H,0
,,
MP19,H,**
,,
MP19,Baer,silver
,,
MP31,H,*
,,
MP31,RFP,
,,
MP35,H,*
,,
NNo1,H,*
,,
NNo11,VIP,-
,,
SSS45,H,0
,,
SSS58,H,*
,,
WWn10,H,0
,,
WWn30,H,0
,,
WWn35,H,*
,,
ChJ30,H,*
,,
ChJ30,Baer,silver
,,
EP1,H,**
,,
GaK4,H,***
,,
GaK5,H,***
,,
GaK7,H,**
,,
GaK20,H,0
,,
GWg16,H,*
,,
GWg23,H,*
,,
JoL2,H,***
,,
JoL2,AAN,
,,
JoL2,AANdir,
,,
JoL3,H,**
,,
JoL4,H,**
,,
JoL4,AAN,
,,
JoL4,AANdir,
,,
JoL9,H,**
,,
LeG10,H,0
,,
LeG12,H,0
,,
LeG14,H,0
,,
LeG16,H,0
,,
LeG18,H,0
,,
LeG20,H,0
,,
LeG22,H,0
,,
LeG24,H,0
,,
LeG33,H,0
,,
LeG36,H,0
,,
LeG36,VIP,Most nauseous
,,
LeG40,H,0
,,
RBS15,H,0
,,
AnS1,H,*
,,
AnS33,VIP,Kael 'an atrocity'
,,
ChV8,H,*
,,
ChV20,H,****
,,
ChV26,H,0
,,
ChV46,H,0
,,
DFl10,H,**
,,
DFl11,H,*
,,
IPC25,H,*
,,
JqT2,H,**
,,
JqT4,H,**
,,
JqT7,H,**
,,
JqT8,H,*
,,
JqT14,H,***
,,
JVK30,H,0
,,
PGy10,W50,
,,
PGy16,H,0
,,
RRw33,H,*
,,
RRw35,H,0
,,
RRw37,H,0
,,
WMG10,H,0
,,
ADT9,VIP,Eastman: 10 best classic
,,
ADT12,H,0
,,
BHl10,H,0
,,
CCb10,H,**
,,
CJo30,NFR,
,,
FAl10,H,v
,,
GPa1,H,***
,,
IgR2,H,v
,,
IgR5,H,*
,,
IgR10,H,***
,,
IgR14,H,*
,,
IgR15,H,0
,,
IgR19,H,0
,,
IHw10,H,0
,,
JHL17,H,*
,,
JnD11,H,*
,,
JnD33,H,0
,,
JnD36,H,*
,,
NSm10,H,v
,,
OW1,NYFC,
,,
OW1,H,***
,,
OW1,AAN,
,,
OW1,AANdir,
,,
OW1,AFI77,#2
,,
OW1,CC,#1
,,
OW1,VIP,Gore Vidal
,,
OW2,AAN,
,,
OW2,H,****
,,
OW4,H,*
,,
OW5,H,**
,,
OW6,H,*
,,
OW7,H,*
,,
OW11,H,*
,,
PS1,H,**
,,
PS2,H,**
,,
PS3,H,****
,,
PS4,H,***
,,
PS5,H,***
,,
PS7,Fun,#13
,,
PS7,H,***
,,
PS8,Fun,#42
,,
PS8,H,***
,,
PS20,Fun,#10
,,
PS20,H,**
,,
PS21,H,*
,,
PS22,H,0
,,
TBs40,H,0
,,
BaD13,H,***
,,
BaD22,H,0
,,
BaD26,H,***
,,
BaD28,H,*
,,
BaD29,H,***
,,
BaD35,H,*
,,
BaD39,H,0
,,
BSh10,H,***
,,
ChC7,Fun,#63
,,
ChC7,AA,
,,
ChC11,H,***
,,
ChC30,AANdir,
,,
ChC30,Fun,#14
,,
DBy2,H,not
,,
DMi15,H,*
,,
DMi25,H,0
,,
DMi27,H,*
,,
DMi28,H,0
,,
DMi32,H,*
,,
DMi35,H,*
,,
DMi35,VIP,Zinneman
,,
DMi45,H,*
,,
GSy4,H,**
,,
GSy4,AAN,
,,
GSy7,H,***
,,
GSy10,H,**
,,
GSy11,H,**
,,
GSy13,H,**
,,
GSy17,H,**
,,
GSy30,H,0
,,
GSy40,H,*
,,
IrR8,H,**
,,
IrR10,H,*
,,
IrR12,H,**
,,
IrR27,H,*
,,
IrR50,H,0
,,
IH1,H,****
,,
IH3,H,***
,,
IH3,CG,***
,,
IH4,H,v
,,
IH11,H,**
,,
IH11,AAdir,
,,
IH11,AAN,
,,
IH12,H,***
,,
IH14,AANdir,
,,
IH14,H,***
,,
IH15,H,**
,,
IH16,H,***
,,
IH16,AANdir,
,,
IH17,H,**
,,
IH17,AAN,
,,
IH17,AANdir,
,,
IH19,H,**
,,
IH20,H,*
,,
IH22,H,*
,,
IH23,H,*
,,
IH26,H,**
,,
IH27,H,***
,,
IH30,H,*
,,
IH35,H,*
,,
IH42,H,0
,,
IH47,AAN,
,,
IH47,AANdir,
,,
IH47,H,*
,,
IH47,T90,
,,
IH50,NSFC,
,,
LaC20,H,0
,,
LaC25,H,*
,,
LaC35,H,0
,,
LHo2,H,**
,,
PaJ5,H,***
,,
ReC5,H,0
,,
RMp13,H,0
,,
StH3,VIP,Eastman: 10 best classic
,,
StH5,H,**
,,
StH13,H,*
,,
StH15,H,0
,,
StH18,H,*
,,
StH20,H,0
,,
StH23,H,0
,,
StH30,H,0
,,
TTz4,H,*
,,
TTz8,H,*
,,
TTz9,H,***
,,
VdS4,AAfor,
,,
VdS4,H,**
,,
VdS5,AAfor,
,,
VdS5,H,****
,,
VdS7,H,**
,,
VdS15,H,*
,,
VdS17,AAfor,
,,
ALe1,H,***
,,
ALe4,H,*
,,
ALe7,H,0
,,
AnM25,H,**
,,
AnM25,AAN,
,,
AnM27,AAN,
,,
AnM35,H,*
,,
AnM40,H,**
,,
ASj15,H,*
,,
ChF7,H,**
,,
ChF7,RFP,
,,
DL1,AA,Special
,,
DL1,AAN,
,,
DL3,H,***
,,
DL4,H,****
,,
DL4,AANdir,
,,
DL5,H,****
,,
DL5,AAN,
,,
DL5,AANdir,
,,
DL7,H,**
,,
DL9,H,**
,,
DL10,H,***
,,
DL11,H,***
,,
DL12,AA,
,,
DL12,AAdir,
,,
DL12,H,***
,,
DL13,AA,
,,
DL13,AAdir,
,,
DL14,AAN,
,,
DL14,AANdir,
,,
DL14,H,***
,,
DL16,H,**
,,
FZ8,H,***
,,
FZ10,H,****
,,
FZ10,AAN,
,,
FZ10,AANdir,
,,
FZ11,H,*
,,
FZ12,AA,
,,
FZ12,AAdir,
,,
FZ12,H,***
,,
FZ13,H,**
,,
FZ14,H,***
,,
FZ14,AAN,
,,
FZ14,AANdir,
,,
FZ15,AAN,
,,
FZ15,AANdir,
,,
FZ15,H,**
,,
FZ18,AA,
,,
FZ19,H,**
,,
HGC3,VFF,
,,
HGC5,H,**
,,
HGC16,Palm,Golden
,,
HGC16,H,***
,,
IRa4,H,*
,,
IRa10,H,0
,,
IRa12,H,0
,,
IRa14,H,0
,,
JD7,H,**
,,
JD8,H,****
,,
JD10,H,0
,,
JD12,H,**
,,
JD15,AANdir,
,,
JD15,H,*
,,
JeY10,H,0
,,
JeY30,H,0
,,
JqB5,H,*
,,
JqB15,H,*
,,
JqB20,H,**
,,
JqB25,H,*
,,
JqB28,H,not
,,
JqB38,H,*
,,
LAr4,H,*
,,
LuV20,H,*
,,
LuV30,H,**
,,
LuV50,Palm,golden
,,
LuV50,VIP,Zinneman
,,
MiG3,H,0
,,
MiG5,H,0
,,
MiG7,H,0
,,
MiG9,H,0
,,
MiG11,H,0
,,
MiG13,H,0
,,
MiG15,H,0
,,
MiG17,H,0
,,
MiG19,H,0
,,
MiG23,H,0
,,
MiG25,H,*
,,
MiG27,H,**
,,
MiG29,H,0
,,
MiG30,H,*
,,
MiG35,H,**
,,
MiG45,H,*
,,
MiG50,H,0
,,
VSh7,H,*
,,
VSh10,H,**
,,
VSh15,H,***
,,
VSh23,H,**
,,
VSh25,H,*
,,
WFx10,H,0
,,
AkK11,VFF,gold
,,
AkK14,H,***
,,
AkK14,VIP,"Kinema Junpo ""best Japanse Film"""
,,
AkK25,H,*
,,
AkK26,AAfor,
,,
AkK27,Palm,ep
,,
AkK28,H,***
,,
AkK28,AAdir,
,,
ChW2,H,*
,,
ChW3,H,**
,,
ChW4,H,*
,,
ChW6,AANdir,
,,
ChW6,H,*
,,
ChW7,H,**
,,
ChW12,H,0
,,
ChW16,H,*
,,
ChW25,H,*
,,
FLd10,H,**
,,
FLd18,H,*
,,
FLd20,H,***
,,
FWx10,H,*
,,
HeL30,H,***
,,
HeL33,H,0
,,
HSh10,H,**
,,
HuJ5,H,*
,,
HuJ10,H,****
,,
MRs13,H,**
,,
MRs13,VIP,Gore Vidal
,,
MRs32,AANdir,
,,
MRs32,H,**
,,
MRs36,H,***
,,
MRs39,W50,
,,
MRs41,H,*
,,
MRb43,H,*
,,
PHy15,H,0
,,
PHy15,CG,**
,,
RCl5,H,***
,,
RCl5,AAfor,
,,
RtB4,H,***
,,
RtB12,H,v
,,
SGi3,H,**
,,
SGi8,H,**
,,
SGi30,H,*
,,
VGu19,H,**
,,
VGu23,H,**
,,
VGu25,H,*
,,
VGu34,H,**
,,
VGu36,H,*
,,
VM1,H,**
,,
VM5,H,**
,,
VM7,H,**
,,
VM8,H,0
,,
VM9,H,**
,,
VM9,AAN,
,,
VM10,AA,
,,
VM10,H,****
,,
VM10,AANdir,
,,
VM11,H,**
,,
VM13,H,***
,,
VM19,H,**
,,
VM22,AAN,
,,
VM22,AAdir,
,,
VM22,H,***
,,
VM33,H,0
,,
AMs25,Baer,gold
,,
EAB10,H,0
,,
JeD10,H,*
,,
LAl2,H,**
,,
LAl4,H,0
,,
LOl1,H,****
,,
LOl1,AAN,
,,
LOl1,AA,Special
,,
LOl2,AA,
,,
LOl4,H,*
,,
PhK11,H,0
,,
PhK46,H,0
,,
PhK50,H,*
,,
RBt17,H,*
,,
RLB9,H,0
,,
RLB12,H,*
,,
RWh8,H,0
,,
RWh10,H,**
,,
RWh15,H,0
,,
RWh20,H,*
,,
RWi1,H,*
,,
RWi2,H,*
,,
RWi3,H,***
,,
RWi4,H,0
,,
RWi9,H,***
,,
RWi13,H,**
,,
RWi28,AA,
,,
RWi28,RFP,
,,
RWi28,H,***
,,
RWi29,H,*
,,
RWi31,AA,
,,
RWi33,H,**
,,
RWi34,H,**
,,
RWi36,H,*
,,
SNe3,VIP,Eastman: 10 best classic
,,
SNe10,H,not
,,
CoB3,H,0
,,
CoB5,RFP,
,,
CoB6,H,*
,,
CoB6,AAN,
,,
DS5,H,*
,,
DS6,H,*
,,
DS8,H,**
,,
DS13,H,****
,,
DS23,H,*
,,
DS28,H,*
,,
DS30,H,*
,,
DS32,H,**
,,
DS33,H,**
,,
DS36,H,*
,,
DS38,H,0
,,
DS40,H,0
,,
EK1,H,***
,,
EK3,H,***
,,
EK4,AA,
,,
EK4,AAdir,
,,
EK5,H,***
,,
EK6,H,**
,,
EK6,AAN,
,,
EK6,AANdir,
,,
EK9,AA,
,,
EK9,AAdir,
,,
EK9,CC,#5
,,
EK9,H,***
,,
EK10,AANdir,
,,
EK10,H,**
,,
EK12,H,***
,,
FdC16,H,0
,,
GS3,AAN,
,,
GS3,H,***
,,
GS6,H,0
,,
GS9,AA,
,,
GS16,AAN,
,,
GS16,AAdir,
,,
GS16,H,***
,,
HaW4,H,**
,,
HaW9,H,*
,,
InB18,H,***
,,
InB20,H,***
,,
InB21,AA,
,,
InB21,H,*
,,
InB23,RFP,
,,
InB23,AFI77,
,,
InB25,H,*
,,
InB32,H,*
,,
InB33,AA,
,,
InB41,H,**
,,
IBe4,H,0
,,
IBe10,H,not
,,
MNo10,H,*
,,
RHa3,H,***
,,
RHa4,Fun,#39
,,
RHa4,H,***
,,
RHa5,H,*
,,
RHa8,H,***
,,
RHa9,H,0
,,
RHa10,H,*
,,
RRo5,H,*
,,
RRo12,H,0
,,
RRo16,VIP,French: 1/10 best ever
,,
WlB10,H,0
,,
WlB14,H,0
,,
ISt10,H,**
,,
ISt11,H,0
,,
ISt24,H,**
,,
ISt26,H,*
,,
ISt29,H,**
,,
ISt30,H,*
,,
ISt31,H,0
,,
ISt33,H,**
,,
ISt38,H,0
,,
ISt40,H,0
,,
JLM2,H,*
,,
JLM5,H,0
,,
JLM6,AAN,
,,
JLM6,AAdir,
,,
JLM6,H,**
,,
JLM8,H,**
,,
JLM9,AA,
,,
JLM9,AAdir,
,,
JLM9,H,***
,,
JLM12,AAN,
,,
JLM12,H,**
,,
JLM16,H,*
,,
JLM17,H,0
,,
JLM17,VIP,Eastman: 10 best classic
,,
JLM20,AANdir,
,,
JLM20,H,**
,,
KeA10,H,*
,,
KeA19,H,0
,,
KeA23,H,*
,,
KeA25,H,**
,,
KeA31,H,**
,,
KeA34,H,0
,,
KeA36,H,0
,,
KeA38,H,0
,,
PUs5,H,*
,,
PUs6,H,0
,,
RiF10,H,***
,,
RiF13,H,**
,,
RiF15,H,*
,,
RiF18,H,***
,,
RiF20,H,**
,,
RiF21,H,0
,,
RiF22,H,*
,,
RiF24,H,*
,,
RiF25,AAN,
,,
RiF25,H,0
,,
RiF28,H,*
,,
RiF33,H,*
,,
RiF35,H,*
,,
RiF36,H,0
,,
RiF48,CG,*
,,
RMo3,H,0
,,
WGo10,H,0
,,
AlT10,H,0
,,
BrW10,H,***
,,
BVo10,VIP,Eastman: 10 best classic
,,
DHa2,H,0
,,
DHa5,H,0
,,
DHa7,H,0
,,
JaH8,AA,
,,
JaH20,H,**
,,
JaH22,H,0
,,
LGt19,H,**
,,
LGt23,H,**
,,
LGt23,AAN,
,,
LGt31,H,0
,,
LGt32,H,0
,,
NR1,H,*
,,
NR1,H,*
,,
NR4,H,0
,,
NR5,H,*
,,
NR7,H,0
,,
NR8,H,*
,,
NR10,H,*
,,
NR11,H,**
,,
NR19,H,*
,,
NR20,H,*
,,
RoN5,H,**
,,
RoN8,RFP,
,,
RoN8,H,*
,,
RoN9,H,**
,,
RoN28,H,0
,,
RoN30,H,*
,,
RoN32,H,0
,,
RoR1,H,*
,,
RoR2,AA,
,,
RoR2,AANdir,
,,
RoR5,H,*
,,
RoR6,H,*
,,
RoR8,AAN,
,,
RoR8,VIP,Zinneman
,,
RoR10,H,*
,,
GdS2,H,*
,,
JPM5,H,*
,,
TFi9,H,***
,,
TFi10,H,*
,,
TFi12,H,*
,,
TFi20,H,0
,,
TFi24,H,*
,,
APo10,H,***
,,
BeK10,H,0
,,
CTB10,Fun,#23
,,
CTB10,H,**
,,
CTB10,CG,***
,,
CTB16,H,*
,,
CTB25,H,*
,,
GoP12,H,0
,,
HCs4,H,0
,,
IGg10,H,*
,,
JLo4,H,*
,,
JLo11,H,*
,,
JLo25,H,*
,,
JLo30,H,0
,,
JPL10,H,*
,,
JqA10,H,*
,,
LRF15,H,0
,,
LRF20,H,0
,,
RaT1,H,0
,,
RaT9,H,**
,,
RaT16,H,*
,,
RaT26,H,0
,,
RaT30,H,0
,,
RdM8,H,**
,,
RdM20,H,**
,,
RdM30,H,*
,,
SIC10,H,0
,,
SIC10,VIP,"Hilariously awful, one of the worst films ever made"
,,
TYg8,H,*
,,
TYg18,H,***
,,
TYg21,H,0
,,
TYg25,H,**
,,
TYg40,H,0
,,
WAr40,H,*
,,
WAr42,H,not
,,
WAr44,H,not
,,
WAr46,H,0
,,
WAr50,H,not
,,
WAr54,H,not
,,
ACy20,H,0
,,
ACy38,H,*
,,
FlM1,H,0
,,
FlM3,H,*
,,
GKe1,H,****
,,
GKe2,H,****
,,
GKe6,H,0
,,
GKe8,H,**
,,
GKe8,AAN,
,,
HKl23,H,0
,,
HKl30,H,0
,,
HKl40,H,0
,,
IGu21,H,*
,,
IGu26,H,0
,,
IGu28,H,***
,,
IGu29,H,0
,,
IGu31,H,*
,,
IvB10,H,0
,,
JT1,H,***
,,
JT2,Fun,#55
,,
JT2,H,***
,,
JT3,H,*
,,
JT3,AAfor,
,,
JT4,H,*
,,
JT5,H,0
,,
SaF13,H,0
,,
SaF19,H,0
,,
SM3,H,****
,,
SM4,H,***
,,
SM6,Fun,#12
,,
SM6,H,*
,,
SM7,H,***
,,
SM8,H,*
,,
SM8,RFP,
,,
StD4,H,0
,,
StD7,H,**
,,
StD7,AAN,
,,
StD24,H,*
,,
StD33,H,**
,,
StD35,H,***
,,
StD41,H,**
,,
StD45,H,*
,,
StD51,H,**
,,
StD58,H,**
,,
StD61,Fun,#83
,,
StD61,H,*
,,
WlJ12,H,**
,,
WlJ12,Baer,gold
,,
WlJ14,H,*
,,
FF6,AAfor,
,,
FF7,Palm,Golden
,,
FF9,AAfor,
,,
FF9,AAN,
,,
FF9,AANdir,
,,
FF12,AANdir,
,,
FF12,H,*
,,
FF15,Fun,#38
,,
FF15,H,**
,,
FF15,AAfor,
,,
FF15,AANdir,
,,
FF18,H,0
,,
HFr20,H,*
,,
HLF10,H,0
,,
HyC10,H,*
,,
HyC10,H,*
,,
IdL1,H,not
,,
IdL2,H,not
,,
IdL3,H,0
,,
JDh5,H,0
,,
JLT19,H,0
,,
JLT21,H,*
,,
JLT24,H,*
,,
JLT29,H,0
,,
JLT32,H,0
,,
JLT34,H,0
,,
JLT35,H,0
,,
JLT39,H,0
,,
JLT50,H,0
,,
JLT50,VIP,Margulies: bad movies we love
,,
JLT51,VIP,Maxwell
,,
JoP2,H,0
,,
JoP20,H,0
,,
JoP25,H,**
,,
JoP28,H,*
,,
JoP50,H,v
,,
MA5,H,*
,,
MA6,H,*
,,
MFr1,H,*
,,
MFr2,H,*
,,
MFr20,RFP,
,,
MFr29,H,**
,,
MFr29,AAN,
,,
MFr33,H,*
,,
MiA6,H,**
,,
MiA8,H,***
,,
MiA8,AA,
,,
MiA8,AANdir,
,,
MiA11,H,*
,,
MiA18,H,**
,,
MiA25,H,0
,,
RcB1,H,*
,,
RcB3,H,*
,,
RcB5,VIP,Margulies: bad movies we love
,,
RcB13,AAN,
,,
RcB13,AANdir,
,,
RcB13,H,**
,,
RcB14,AAN,
,,
RcB14,H,**
,,
RcB16,H,*
,,
RcB16,RFP,
,,
RcB17,AANdir,
,,
RcB17,H,**
,,
RcB30,RE,***
,,
RSB5,H,0
,,
ShI50,Palm,Golden
,,
AR5,W50,
,,
CrR10,H,v
,,
CyE30,H,*
,,
DoW95,H,0
,,
EBe7,H,0
,,
GHo10,H,0
,,
HrJ14,H,0
,,
MZa10,H,*
,,
MZa23,H,0
,,
PaH215,H,0
,,
RCv10,H,*
,,
RPa10,H,*
,,
RPa15,H,*
,,
RiQ6,H,v
,,
RiQ15,H,**
,,
RiQ29,H,0
,,
RiQ35,H,0
,,
RrS5,H,*
,,
RrS10,H,0
,,
RSn10,AA,
,,
BF5,H,*
,,
BF6,H,***
,,
BF6,AAN,
,,
BF6,VIP,Zinneman
,,
BF6,AAdir,
,,
BF7,AAN,
,,
BF7,AANdir,
,,
BF7,H,**
,,
BF8,H,**
,,
BF9,H,0
,,
CNy1,H,**
,,
CNy15,H,0
,,
DaM1,H,*
,,
DaM3,H,*
,,
DaM6,H,0
,,
DaM10,H,*
,,
DaM15,H,*
,,
DaM30,H,*
,,
DaM35,H,0
,,
FrQ10,AA,
,,
FrQ10,H,***
,,
FrT5,H,*
,,
FrT7,H,0
,,
FrT10,H,*
,,
FrT13,H,*
,,
FrT16,H,0
,,
FrT20,H,0
,,
FrT22,H,0
,,
GH3,H,**
,,
GH8,H,*
,,
GH12,VIP,Zinneman
,,
GH16,H,*
,,
GH17,H,*
,,
GH25,H,0
,,
GH30,H,0
,,
HaB1,AAN,
,,
HaB9,H,0
,,
HaB35,H,0
,,
HHo3,H,0
,,
HHo5,H,*
,,
HHo10,H,0
,,
JHo20,H,0
,,
JHo24,H,0
,,
KHu19,H,*
,,
KHu21,CG,*
,,
KHu22,H,*
,,
MuB5,H,*
,,
NJu12,H,*
,,
NJu12,VIP,great visual effects
,,
PeB6,H,*
,,
WTy10,H,**
,,
ALv10,H,0
,,
ASu10,H,**
,,
DkP3,H,*
,,
DkP4,H,*
,,
DkP5,H,0
,,
DKu1,AAN,
,,
DKu10,AAN,
,,
EDW10,H,0
,,
EDW10,VIP,Worst movie ever 
,,
EDW22,H,0
,,
EDW22,VIP,Worst film ever made
,,
HEs10,H,0
,,
HEs10,CG,**
,,
HoC10,H,0
,,
JA13,H,0
,,
JA30,CG,**
,,
JHi7,H,*
,,
JIv11,H,0
,,
JIv15,H,0
,,
JIv28,H,*
,,
JIv30,H,**
,,
JIv33,H,0
,,
JIv35,AAN,
,,
JIv37,H,v
,,
JIv42,AAN,
,,
JIv42,AANdir,
,,
LiA10,H,**
,,
LiA20,H,***
,,
LiA30,H,**
,,
NLr10,H,****
,,
NuJ1,H,*
,,
NuJ2,H,*
,,
NuJ3,H,0
,,
NuJ7,H,0
,,
RoA4,H,**
,,
RoA22,H,0
,,
RoA23,H,*
,,
RoA25,H,*
,,
RoA26,H,*
,,
RoA28,H,**
,,
RoA28,AFISp,65
,,
RoA32,H,*
,,
RoA41,H,0
,,
RoA57,H,0
,,
RoA68,H,0
,,
SSn1,H,0
,,
StK3,H,**
,,
StK4,NFR,
,,
StK4,H,****
,,
StK5,H,**
,,
StK6,H,**
,,
StK6,Kron most sexy,
,,
StK7,Fun,#11
,,
StK7,BFA,
,,
StK7,VIP,UN award
,,
StK7,VIP,Zinneman
,,
StK8,VIP,Zinneman
,,
StK9,VIP,Zinneman
,,
StK10,AAN,
,,
StK10,AANdir,
,,
StK10,H,**
,,
StK15,H,*
,,
WoR20,H,**
,,
WoR25,H,0
,,
AMa50,H,**
,,
AMa50,AAN,
,,
AWj7,Palmdir,
,,
AWj37,H,*
,,
AWj37,BFA,
,,
GGr8,H,v
,,
HoK10,CG,*
,,
HoK12,H,0
,,
JWe3,H,*
,,
KoI10,H,***
,,
LNm10,H,*
,,
PeG3,H,0
,,
PeG4,H,**
,,
PeG4,AAN,
,,
PeG4,AANdir,
,,
PeG6,CG,*
,,
SR15,H,***
,,
SR36,H,**
,,
SR55,Bear,Gold
,,
YvR3,H,not
,,
YvR10,H,*
,,
AS14,H,*
,,
BE4,H,0
,,
BE8,H,*
,,
BE9,H,**
,,
BE10,H,**
,,
BE11,H,**
,,
BE13,H,***
,,
BE21,H,*
,,
BE24,H,0
,,
BE25,H,0
,,
BE26,Fun,#24
,,
BE26,H,*
,,
BE28,H,0
,,
CL1,NFR,
,,
CL1,H,**
,,
ClS22,H,*
,,
ClS30,AAN,
,,
ClS31,AAfor,
,,
ClS40,Cesardir,
,,
CoW3,H,*
,,
CoW5,H,*
,,
DeM1,AA,
,,
DeM1,AAdir,
,,
DeM1,H,****
,,
DeM2,H,***
,,
DeM4,H,0
,,
DeM8,Fun,#52
,,
DeM8,H,**
,,
DeM10,H,**
,,
DeM17,H,0
,,
DeM20,AAN,
,,
DeM20,H,**
,,
DM230,H,0
,,
GFj10,VIP,classic
,,
GFj15,H,0
,,
HeH10,H,0
,,
HLu10,H,**
,,
InA15,H,0
,,
InA15,W50,
,,
JCn1,H,**
,,
JCn3,H,**
,,
JCn6,H,**
,,
JCn20,H,0
,,
MvS1,H,*
,,
MvS2,H,*
,,
MvS3,H,0
,,
MvS4,H,*
,,
MvS6,H,*
,,
MvS10,H,0
,,
MvS12,H,0
,,
NPa3,Fun,#61
,,
NPa3,H,***
,,
PhD2,H,*
,,
PhD5,H,*
,,
PhD9,H,0
,,
RAl55,H,*
,,
RAl56,Fun,#34
,,
RAl56,Palm,Golden
,,
RAl56,,
,,
RAl56,H,***
,,
RAl56,AAN,
,,
RAl56,AANdir,
,,
RAl56,VIP,Zinneman
,,
RAl62,H,0
,,
RAl68,H,0
,,
RAl70,RE,***
,,
RAl71,H,*
,,
RAl72,H,*
,,
RAl73,NFR,
,,
RAl73,H,**
,,
RAl74,H,0
,,
RAl87,H,0
,,
RAl87,VIP,GC***
,,
RAl93,AANdir,
,,
RAl95,AANdir,
,,
RAl106,AA,
,,
RCo3,W50,
,,
RCo26,H,*
,,
RCo30,H,*
,,
RCo36,H,*
,,
RCo43,H,**
,,
RMl1,H,0
,,
SK2,H,*
,,
SK3,AAN,
,,
SK3,AANdir,
,,
SK3,H,**
,,
SK5,H,**
,,
SK6,VIP,Zinneman
,,
SK10,H,***
,,
SK12,AAN,
,,
SK12,AANdir,
,,
SK22,H,*
,,
SK26,H,0
,,
ToG6,H,0
,,
ToG15,H,*
,,
VDa10,H,*
,,
WiF10,H,0
,,
AVL2,H,*
,,
AVL10,H,not
,,
AVL11,H,0
,,
AVL13,CG,**
,,
AVL30,H,0
,,
AVL35,H,*
,,
CD22,H,0
,,
CD28,H,v
,,
CD29,H,0
,,
FiC1,H,***
,,
FrL10,H,*
,,
GeP10,H,*
,,
GeP15,H,0
,,
GeP25,H,*
,,
GeP40,H,*
,,
HuC7,H,*
,,
JaK4,AAfor,
,,
JaK4,VIP,Zinneman
,,
JNs210,H,*
,,
LMa24,BFA,
,,
LMa30,AAN,
,,
MR2,H,**
,,
MR4,H,*
,,
MR4,VFF,
,,
MR13,H,*
,,
MR14,H,**
,,
MR17,H,*
,,
MR21,H,0
,,
MR25,H,0
,,
MR29,H,*
,,
RoV1,H,0
,,
RoV3,H,*
,,
RoV7,H,0
,,
RoV10,H,*
,,
RoV13,H,*
,,
RoV15,H,not
,,
TPo12,H,0
,,
TPo13,H,0
,,
TPo21,CG,*
,,
ArH207,H,*
,,
ArH210,H,**
,,
ArH215,Fun,#85
,,
ArH215,H,*
,,
ArH216,Fun,#80
,,
ArH216,H,0
,,
ArH218,H,0
,,
ArH220,H,0
,,
BbB3,H,0
,,
DTa150,H,0
,,
DTa210,H,0
,,
DTa211,H,*
,,
DTa212,H,0
,,
DTa215,H,*
,,
EMo20,Fun,#84
,,
EMo20,H,*
,,
EMo20,AANdir,
,,
EMo25,H,0
,,
FrR17,BFA,
,,
FrR17,H,*
,,
FrR20,H,**
,,
GTh10,H,0
,,
IFr4,H,***
,,
IFr4,VIP,Zinneman
,,
IFr5,AAN,
,,
IFr6,H,***
,,
IFr8,H,**
,,
IFr12,H,*
,,
IFr25,H,0
,,
IFr30,H,0
,,
IFr35,H,0
,,
IFr40,VIP,Margulies: bad movies we love
,,
JBC14,H,0
,,
MiW12,H,**
,,
MiW20,H,0
,,
MiW22,H,*
,,
MiW30,H,0
,,
MiW43,H,0
,,
MRe7,H,0
,,
RDa1,H,*
,,
RDa5,H,**
,,
RDa25,H,0
,,
RMu5,H,*
,,
RMu7,H,0
,,
RMu25,H,*
,,
RMu37,H,*
,,
RMu41,H,0
,,
RMu46,H,0
,,
SJF9,H,*
,,
SJF17,H,*
,,
SL1,H,***
,,
SL1,AAN,
,,
SL1,AANdir,
,,
SL3,H,0
,,
SL5,H,0
,,
SL7,H,***
,,
SL10,H,***
,,
SL14,H,*
,,
SL15,H,*
,,
SL19,H,*
,,
SL20,H,*
,,
SL21,H,**
,,
SL23,VIP,Zinneman
,,
SL29,H,0
,,
SL33,AANdir,
,,
SL33,H,*
,,
SL35,AAN,
,,
SL35,AANdir,
,,
SL35,RE,****
,,
SL35,H,*
,,
SL37,H,*
,,
SL39,H,0
,,
SS03,VIP,state 1st prize
,,
SS5,H,*
,,
SS6,H,**
,,
SS6,AAN,
,,
SS7,AANdir,
,,
SS7,H,*
,,
SS8,H,*
,,
SS9,H,**
,,
SS10,H,***
,,
SS10,VIP,Eastman: 10 best classic
,,
SS10,T90,
,,
SS10,AAN,
,,
SS10,AAdir,
,,
SS11,RE,***+
,,
SS12,H,*
,,
SS13,H,**
,,
SS13,AAN,
,,
SS15,NBR,
,,
SS15,NBRdir,
,,
SS24,AFISp,35
,,
SS26,AA,
,,
SS26,AANdir,
,,
SS34,AAN,
,,
SS34,AAdir,
,,
xMb10,AAN,
,,
AN10,H,*
,,
AnQ10,H,not
,,
ArP4,H,*
,,
ArP5,NFR,
,,
ArP5,H,****
,,
ArP5,AAN,
,,
ArP5,AANdir,
,,
ArP15,H,*
,,
ArP16,H,0
,,
ArP18,AANdir,
,,
ArP18,H,*
,,
ClC20,H,**
,,
DLR5,H,0
,,
DLR10,H,0
,,
DvS3,H,*
,,
DvS10,H,**
,,
FT2,Palmdir,
,,
FT2,H,**
,,
FT4,H,**
,,
FT7,VIP,Eastman: 10 best classic
,,
FT8,H,*
,,
FT15,AAfor,
,,
FT15,AANdir,
,,
FT15,H,***
,,
FT16,H,*
,,
FT20,VIP,Zinneman
,,
FT24,Cesar,
,,
FT24,Cesardir,
,,
IGi10,H,0
,,
IGi20,H,0
,,
IGi25,H,0
,,
IrK2,H,*
,,
IrK14,H,**
,,
IrK15,H,*
,,
JCa4,AAN,
,,
JCa4,AANdir,
,,
JCa4,H,***
,,
JCa7,H,0
,,
JCa9,H,*
,,
JCv10,H,0
,,
JCv16,H,0
,,
JFe10,H,*
,,
JFe20,H,0
,,
KRz4,VIP,Zinneman
,,
KRz14,H,**
,,
KRz32,H,0
,,
KRz40,H,0
,,
KRz50,VIP,Kael: ***
,,
MCm1,H,*
,,
MCm1,AAfor,
,,
MdC10,AAN,
,,
MdC10,H,*
,,
MdC16,AAN,
,,
MdC16,H,***
,,
MPi1,Palm,Golden
,,
MPi10,VIP,Prix Jean Vigo 1969
,,
MPi23,H,not
,,
MPi45,Palm,Golden
,,
SHa7,H,**
,,
SHo2,H,**
,,
SHo4,H,*
,,
AnT5,H,**
,,
BeW10,H,0
,,
BeW12,H,*
,,
DoS12,H,0
,,
DoS16,H,*
,,
DPt2,H,*
,,
DPt6,H,0
,,
DPt21,H,0
,,
DPt23,H,0
,,
ERr20,AANfor,
,,
ERr20,H,*
,,
JLG1,H,**
,,
PWe2,H,0
,,
RuM37,Fun,#96
,,
RuM37,H,0
,,
SB2,AAfor,
,,
SRo20,H,**
,,
SRo20,VIP,Zinneman
,,
SRo35,H,0
,,
SRo37,H,*
,,
SRo40,H,*
,,
TRs1,H,*
,,
TRs3,H,*
,,
TRs4,H,***
,,
TRs8,H,*
,,
TRs12,H,***
,,
TRs12,AA,
,,
TRs12,AAdir,
,,
TRs17,H,*
,,
TRs22,H,0
,,
TRs23,H,0
,,
TRs25,H,0
,,
VJD2,H,*
,,
ClL5,AAdir,
,,
ClL25,SE,++
,,
DuC10,H,not
,,
DSm10,H,*
,,
GiP10,VIP,Zinneman
,,
GOu20,H,0
,,
GPl10,H,*
,,
IMx10,H,0
,,
IS2,H,***
,,
IS3,H,***
,,
IS5,H,*
,,
IS6,AA,
,,
IS6,H,***
,,
IS6,VIP,Zinneman
,,
IS8,H,**
,,
IS9,H,**
,,
IS10,H,**
,,
IS11,H,0
,,
IS16,H,not
,,
JL5,H,*
,,
JL10,H,0
,,
JL13,Fun,#46
,,
JL13,H,0
,,
JL15,H,0
,,
JqD1,H,*
,,
JqD4,H,**
,,
JqD4,Palm,
,,
JqD7,H,0
,,
JqD22,VIP,Grand Prix Nationale
,,
JWa1,H,*
,,
JWa2,H,0
,,
PVh18,Kron most sexy,
,,
RRu15,H,*
,,
RRu20,AANdir,
,,
RRu20,H,*
,,
StB3,H,*
,,
StB5,H,0
,,
BFo1,H,*
,,
BFo12,H,*
,,
BFo13,H,*
,,
BFo14,H,0
,,
EOB1,H,0
,,
FrF35,H,0
,,
GeW3,H,0
,,
GeW5,H,*
,,
GoH51,H,*
,,
GoH53,H,*
,,
GoH54,H,*
,,
GxR10,H,0
,,
HiT15,AANdir,
,,
HiT15,H,*
,,
HiT35,VIP,tedious
,,
HrC10,H,*
,,
ICs1,H,*
,,
ICs9,H,0
,,
JoQ10,H,*
,,
MBd10,H,0
,,
PaP15,H,*
,,
PdB3,H,**
,,
PEt10,H,*
,,
PMo22,H,0
,,
PlT40,VIP,Patrice Kahn's favorite
,,
RDL3,Fun,#40
,,
RDL3,H,****
,,
RDL4,H,***
,,
RDL5,H,*
,,
RDL6,Fun,#35
,,
RDL6,H,**
,,
RDL11,H,**
,,
RDL12,H,*
,,
RDL13,H,0
,,
RDL15,H,*
,,
RDL17,H,*
,,
RDL18,H,0
,,
RDL19,H,0
,,
RDL20,H,0
,,
RDL24,H,0
,,
RMe12,H,0
,,
RoP2,H,**
,,
RoP4,H,*
,,
RoP6,H,*
,,
RoP8,H,***
,,
RoP8,VIP,Zinneman
,,
RoP8,AAN,
,,
RoP8,AANdir,
,,
RoP9,H,0
,,
RoP15,RE,***
,,
SaP2,NFR,
,,
SaP4,H,***
,,
SaP11,H,**
,,
SaP13,H,0
,,
SaP20,H,0
,,
SaP30,CG,**
,,
SeL45,H,*
,,
SeL55,H,**
,,
WRe20,H,*
,,
WRe25,H,**
,,
BB2,Palm,Golden
,,
BB5,H,*
,,
BB5,AANdir,
,,
BB7,AANdir,
,,
BB7,Kron most sexy,
,,
BB8,H,*
,,
BB11,AA,
,,
BB11,T90,
,,
BB11,AAdir,
,,
BtB5,AAfor,
,,
CJ2,H,*
,,
CJ2,AAN,
,,
CJ4,H,*
,,
CJ4,W50,
,,
CJ6,VIP,Margulies: bad movies we love
,,
CJ8,H,0
,,
CJ9,H,0
,,
FPy1,VIP,Zinneman
,,
FPy1,H,*
,,
FPy1,AANdir,
,,
FPy8,H,*
,,
FPy10,H,**
,,
FPy20,H,0
,,
FPy22,H,0
,,
FPy22,VIP,Margulies: bad movies we love
,,
GRH1,H,0
,,
GRH3,H,**
,,
GRH4,H,*
,,
GRH5,H,*
,,
GRH6,H,***
,,
GRH6,AAN,
,,
GRH6,AANdir,
,,
GRH6,VIP,Zinneman
,,
GRH8,AA,
,,
GRH8,H,**
,,
GRH9,H,*
,,
GRH10,H,*
,,
GRH11,H,0
,,
GRH20,RE,**
,,
HHe1,VIP,Zinneman
,,
LHM1,H,0
,,
LHM3,H,*
,,
PY1,H,*
,,
PY11,H,*
,,
PY19,H,0
,,
PY25,RE,**+
,,
RD4,H,**
,,
RD4,W50,
,,
RD5,H,0
,,
RNe1,H,*
,,
RNe10,H,*
,,
RNe15,CG,***
,,
RNe23,H,0
,,
SP25,H,*
,,
SP31,H,*
,,
SP40,H,**
,,
SP45,H,0
,,
SP46,H,**
,,
SP47,H,**
,,
SP55,H,*
,,
SP55,CG,****
,,
SP57,Fun,#08
,,
SP61,AA,
,,
SP61,AAdir,
,,
SP61,H,**
,,
SP61,T90,
,,
AMk10,H,*
,,
ASe10,H,**
,,
BdY4,H,0
,,
BoW4,H,*
,,
BoW6,Palm,GrandJury
,,
BuT10,H,0
,,
CuH20,H,0
,,
DCh10,H,***
,,
FFC5,AA,
,,
FFC5,CC,#7
,,
FFC6,H,**
,,
FFC7,AA,
,,
FFC8,BFA,
,,
FFC8,VIP,Zinneman
,,
FFC8,H,**
,,
FFC12,H,0
,,
FFC15,H,**
,,
FFC24,AA,
,,
FJS2,H,***
,,
FJS5,H,*
,,
FJS10,Fun,#*
,,
FJS13,H,***
,,
FJS13,AA,
,,
FJS13,AAdir,
,,
FJS16,H,*
,,
FJS18,H,**
,,
FJS29,H,0
,,
FJS35,H,*
,,
GLt10,H,0
,,
ILa10,VIP,Weldon: Psychotronic
,,
ILa31,Fun,#89
,,
ILa32,H,*
,,
ILa32,Fun,33
,,
ILa33,H,0
,,
ILa38,H,**
,,
JaS20,H,*
,,
JaS38,H,*
,,
JaS40,H,0
,,
JaS46,H,0
,,
JaS46,W50,
,,
JaS48,H,*
,,
JaS65,H,0
,,
LiW10,VIP,Zinneman
,,
NJ7,H,**
,,
NJ7,AA,
,,
NJ8,H,**
,,
NJ11,H,**
,,
NJ11,AAN,
,,
NJ11,AANdir,
,,
NJ13,H,*
,,
NJ16,H,*
,,
NJ20,H,*
,,
NJ25,Fun,#90
,,
NJ42,GGN,
,,
PK3,H,0
,,
PK6,H,0
,,
PK7,AAN,
,,
PK7,H,*
,,
SPv10,H,0
,,
SSe10,H,*
,,
WHu7,H,*
,,
WHu10,H,*
,,
AaB10,H,**
,,
BuK5,H,**
,,
BuK10,H,**
,,
IDk10,H,0
,,
IvP10,H,0
,,
IvP24,H,0
,,
JGs6,H,0
,,
JGs20,H,*
,,
JGs31,H,0
,,
KRu2,AANdir,
,,
KRu2,H,***
,,
KRu4,H,*
,,
KRu9,H,0
,,
KRu10,H,*
,,
KRu25,RE,***
,,
KRu25,RE,***
,,
LwT20,H,0
,,
LwT30,H,0
,,
LwT33,H,0
,,
LwT39,H,*
,,
MAp24,H,*
,,
MAp25,RE,
,,
MAp27,H,0
,,
MAp29,H,0
,,
MF2,AANfor,
,,
MF2,H,*
,,
MF5,AA,
,,
MF5,VIP,Zinneman
,,
MF6,H,*
,,
MF7,H,*
,,
MF8,H,**
,,
MF8,AA,
,,
MF8,AAdir,
,,
MZ1,H,*
,,
PTw1,H,*
,,
TGA20,AAN,
,,
WFr35,H,***
,,
WFr35,AA,
,,
WFr35,AAdir,
,,
WFr35,VIP,Zinneman
,,
WFr36,H,*
,,
WFr36,AAN,
,,
WFr36,AANdir,
,,
WFr38,H,*
,,
WFr39,H,0
,,
WFr42,H,0
,,
WFr45,H,0
,,
WFr60,RE,****
,,
Z6410,NFR,
,,
Z6410,H,-
,,
AMD16,CG,*
,,
CCG3,AAfor,
,,
CCG3,AANdir,
,,
CCG3,Palmdir,
,,
CCG3,H,***
,,
CCG7,H,*
,,
CCG7,AAN,
,,
FrC1,AAN,
,,
FrC1,H,*
,,
FrP10,H,0
,,
IBo5,AAN,
,,
IBo5,AANdir,
,,
IBo5,VIP,Zinneman
,,
IBo5,H,**
,,
IBo7,H,0
,,
IBo20,H,0
,,
IBo27,H,**
,,
JBH10,H,***
,,
JBH20,H,0
,,
JTl9,H,0
,,
KLo40,Palm,Golden
,,
NoT3,H,*
,,
NoT5,H,0
,,
NoT10,H,0
,,
NoT12,H,0
,,
NoT15,H,0
,,
RKp10,AA,
,,
SiM10,H,0
,,
BBw10,H,0
,,
DoH10,H,0
,,
FZe1,H,*
,,
FZe2,H,*
,,
FZe2,AAN,
,,
FZe2,AANdir,
,,
FZe3,H,0
,,
FZe6,H,0
,,
FZe10,H,*
,,
GiG10,H,0
,,
HyA10,H,0
,,
HyA30,H,0
,,
HyA30,VIP,unsufferably coy
,,
JeH10,H,0
,,
JeH30,H,0
,,
JM1,AAfor,
,,
JSg18,H,*
,,
JSg20,CG,**
,,
JSg22,H,0
,,
MeG12,H,0
,,
MeG30,H,0
,,
MeG40,H,0
,,
MN1,AAN,
,,
MN1,AANdir,
,,
MN1,H,***
,,
MN2,Fun,#19
,,
MN2,AAdir,
,,
MN2,H,***
,,
MN4,VIP,Zinneman
,,
MN11,H,*
,,
MN22,VIP,worst M.Nichols film
,,
MiS3,W50,
,,
REM5,H,*
,,
RyK12,H,not
,,
SNz10,H,**
,,
VoS8,AAdir,
,,
VoS26,AAfor,
,,
Z6610,NFR,
,,
Z6610,H,-
,,
CaR1,H,*
,,
CaR5,H,*
,,
CaR7,Fun,#76
,,
CaR7,H,*
,,
CaR15,H,*
,,
CaR20,H,*
,,
CaR22,Fun,#43
,,
CaR24,Fun,#78
,,
GSs1,H,**
,,
IAv4,H,*
,,
IAv7,H,*
,,
IAv10,H,**
,,
IAv10,AA,
,,
IAv10,AAdir,
,,
IAv16,H,0
,,
JSi10,H,*
,,
LaJ13,H,0
,,
LaJ20,H,0
,,
MRt5,H,**
,,
MRt6,Fun,#81
,,
MRt6,H,*
,,
MRt11,H,0
,,
PCo11,H,0
,,
PCo12,H,0
,,
PCo13,H,0
,,
PCo17,CG,*
,,
ToL1,H,0
,,
ToL10,H,*
,,
WBz13,H,0
,,
WH5,H,**
,,
WH9,H,*
,,
WH38,Palm,Golden
,,
AHv10,H,*
,,
AHv10,AAN,
,,
AHv10,AANdir,
,,
AnP7,H,0
,,
AnP8,H,0
,,
BdP10,H,*
,,
BdP11,H,*
,,
BdP13,H,*
,,
BdP14,H,**
,,
BdP16,H,0
,,
BdP17,H,0
,,
BdP18,H,0
,,
BKo10,H,0
,,
BzK8,H,0
,,
BzK20,H,0
,,
CPR10,H,*
,,
GgD10,H,*
,,
GiC3,AANdir,
,,
GiC3,H,*
,,
GiC10,H,0
,,
GiC12,H,0
,,
GRo1,Z,*
,,
GRo1,H,0
,,
HMo10,H,0
,,
JOC10,H,0
,,
JGo10,H,0
,,
JGo13,H,*
,,
JiC20,H,*
,,
JMB4,Kron most sexy,
,,
JMB5,VIP,Margulies: bad movies we love
,,
KBi5,H,0
,,
KBi10,H,0
,,
MB1,Fun,#06
,,
MB1,H,*
,,
MB1,VIP,Zinneman
,,
MB2,H,0
,,
MB3,Fun,#27
,,
MB3,H,*
,,
MB4,Fun,#37
,,
MB4,H,**
,,
MB5,H,*
,,
MgT10,H,*
,,
MRy1,H,*
,,
MRy10,H,***
,,
MRy10,AAdir,
,,
NoB3,H,**
,,
NoB10,CG,*
,,
PBo3,AAN,
,,
PBo3,AANdir,
,,
PBo3,VIP,Zinneman
,,
PBo3,H,***
,,
PBo5,Fun,#70
,,
PBo5,H,**
,,
PBo6,H,**
,,
PBo9,H,*
,,
PBo11,H,*
,,
PBo11,CG,*
,,
PBo15,H,**
,,
PlB2,H,*
,,
PlB12,H,*
,,
PNe1,NYFCdir,
,,
PNe3,H,0
,,
PNe3,CG,*
,,
UlG3,H,0
,,
UlG10,H,**
,,
YYa78,FAAdir,
,,
BGH9,H,**
,,
BGH10,H,0
,,
BGH20,H,0
,,
BGH26,H,0
,,
DCa10,H,0
,,
DHo1,Z,*
,,
DHo1,Palm,gold
,,
DHo18,RE,***?
,,
HbR1,H,*
,,
HbR5,H,*
,,
HbR6,H,*
,,
HbR9,AAN,
,,
HbR9,RE,***+
,,
HbR21,H,0
,,
HbR22,H,0
,,
HJL10,H,0
,,
IDx5,H,**
,,
LPe15,CG,***
,,
NiR3,H,***
,,
NiR3,Z,*
,,
NiR4,H,*
,,
PHt11,H,**
,,
PHt13,H,0
,,
PHt15,CG,***
,,
PHt20,H,0
,,
RA2,H,**
,,
RA3,H,**
,,
RA5,AA,
,,
RA5,GG,
,,
RA5,AAdir,
,,
RA5,BFA,
,,
RA5,BFAdir,
,,
RA5,H,***
,,
RA8,H,0
,,
RA10,RE,**+
,,
RbD3,Fun,#99
,,
RWF16,H,*
,,
RWF22,H,*
,,
RWF26,H,*
,,
RWF27,H,*
,,
RWF28,H,0
,,
RWF33,H,*
,,
RWF35,H,**
,,
RWF37.,H,0
,,
WA1,Fun,#49
,,
WA2,Fun,#21
,,
WA4,H,*
,,
WA6,NFR,
,,
WA6,Fun,#04
,,
WA6,AA,
,,
WA6,AAdir,
,,
WA6,VIP,Zinneman
,,
WA6,H,***
,,
WA7,H,*
,,
WA7,AANdir,
,,
WA8,BFA,
,,
WA8,H,***
,,
WA12,H,*
,,
WA12,AANdir,
,,
WA13,H,***
,,
WA13,SE,best Woody Allen
,,
WA14,T90,
,,
WA14,H,*
,,
WA14,BFA,
,,
WA17,AANdir,
,,
WiG10,H,0
,,
AML1,H,0
,,
BRf1,VIP,Zinneman
,,
BRf1,AAN,
,,
BRf4,H,0
,,
BRf4,RE,0
,,
BRf20,H,*
,,
BRf20,RE,**+
,,
DaA1,H,0
,,
DCr15,H,0
,,
DCr17,H,*
,,
DCr20,H,*
,,
DCr20,T90,
,,
DCr35,Palm,Golden
,,
DCr35,,
,,
DHe10,H,*
,,
DoC10,H,0
,,
EMa10,H,*
,,
EMa15,Fun,#62
,,
EMa25,RE,+
,,
FKr20,W50,
,,
FrB11,AANfor,1981
,,
FrB13,AAfor,1982
,,
FrB17,AAfor,1988
,,
FrB21,AANfor,1994
,,
FSc1,VIP,silver Aussie
,,
FSc10,H,*
,,
FSc15,H,*
,,
FSc18,Fun,#36
,,
FSc20,RE,***
,,
GiK1,VIP,President's Gold Medal
,,
HAs2,H,*
,,
HAs3,H,**
,,
HAs4,H,*
,,
HAs5,AAN,
,,
HAs5,H,*
,,
HAs6,AA,
,,
HAs7,H,0
,,
HAs10,H,0
,,
HWe10,H,**
,,
HPr20,H,*
,,
JaB2,H,**
,,
JaB5,H,**
,,
JSb3,H,0
,,
JSb5,H,0
,,
JSb10,H,*
,,
JSb13,H,0
,,
JSb20,CG,**
,,
JSb27,RE,***
,,
KCo15,H,*
,,
KCo20,H,0
,,
KCo22,H,0
,,
KCo25,H,0
,,
LJe1,H,***
,,
LJe2,H,**
,,
MS4,H,**
,,
MS5,VIP,Zinneman
,,
MS7,H,*
,,
MS18,AAN,
,,
MS18,AANdir,
,,
MS18,H,*
,,
MS18,T90,
,,
MS19,H,***
,,
MS20,H,**
,,
MS25,BFA,
,,
MS25,BFAdir,
,,
MS25,AANdir,
,,
MWa4,H,0
,,
MWa10,H,0
,,
PeS3,H,0
,,
PeS5,H,0
,,
PeS10,H,v
,,
PM1,VIP,Zinneman
,,
PM1,H,**
,,
PM2,H,0
,,
PM3,H,*
,,
PM4,VIP,Zinneman
,,
PM10,Fun,#100
,,
PM10,H,*
,,
RBe2,AANdir,
,,
RBe2,H,*
,,
RBe3,AA,
,,
RBe3,AAdir,
,,
RBe5,H,*
,,
RBe6,AAN,
,,
RFu10,H,*
,,
RFu11,H,*
,,
RFu12,H,*
,,
RFu20,H,0
,,
TAn21,Palm,Golden
,,
VME8,H,0
,,
VME9,H,*
,,
VME11,H,0
,,
VME13,H,0
,,
VME14,H,0
,,
VME15,H,0
,,
VME18,H,v
,,
VME20,H,0
,,
WCr10,RE,***
,,
WCr15,H,0
,,
AJP1,H,***
,,
AJP2,H,*
,,
AJP3,H,***
,,
AJP3,AAN,
,,
AJP3,AANdir,
,,
AJP7,H,*
,,
CEa2,H,*
,,
CEa3,H,*
,,
CEa4,H,*
,,
CEa6,H,*
,,
CEa9,H,0
,,
CEa16,AA,
,,
CEa16,AAdir,
,,
CH5,H,*
,,
CH10,H,0
,,
CoH1,H,*
,,
CoH2,RE,***
,,
CoH3,H,0
,,
CWr3,H,*
,,
CWr10,H,*
,,
DTr3,H,*
,,
DTr10,H,0
,,
EPe10,H,*
,,
GgL1,RE,***
,,
GgL2,H,**
,,
GgL3,AAN,
,,
GgL3,AANdir,
,,
GgL3,H,***
,,
GPk10,H,*
,,
GPk14,H,0
,,
HJ5,H,0
,,
HJ5,CG,**
,,
HJ7,H,0
,,
IBa7,H,0
,,
IBa9,H,*
,,
IBa10,H,*
,,
IBa13,H,*
,,
IHk10,H,0
,,
IHk20,H,0
,,
IHk25,H,0
,,
IHk30,H,0
,,
IvR4,Fun,#58
,,
IvR6,Fun,#47
,,
JJA5,H,0
,,
LTu10,H,**
,,
LTu30,H,0
,,
MSL10,CG,**
,,
MSL15,H,*
,,
MvC10,H,0
,,
MvC30,H,0
,,
PWr2,H,*
,,
PWr3,H,*
,,
PWr5,H,*
,,
PWr6,H,*
,,
PWr8,H,***
,,
PWr8,AAN,
,,
PWr8,AANdir,
,,
PWr12,AAN,
,,
PWr12,AANdir,
,,
PWr21,AANdir,
,,
RBa1,H,**
,,
RBB10,H,*
,,
RSa5,H,*
,,
RSf20,H,0
,,
SPo2,H,0
,,
Spo8,H,0
,,
StF10,AANdir,
,,
BaP10,H,0
,,
BCl1,H,0
,,
BCl4,H,0
,,
BCl5,H,*
,,
BCl10,Fun,#69
,,
BCl10,H,*
,,
DaH1,H,0
,,
DaH2,H,0
,,
EgM10,H,0
,,
EgM12,H,0
,,
ELh1,H,0
,,
EuM10,H,0
,,
GCS10,H,0
,,
GBl10,H,0
,,
GBl20,H,0
,,
JeJ15,H,0
,,
LCh15,H,*
,,
LCh25,RE,**+
,,
PBa3,H,*
,,
PBa4,H,0
,,
PBa6,H,*
,,
PBa8,H,0
,,
PMe10,H,*
,,
PMe15,H,0
,,
PMe20,H,0
,,
RAC10,H,*
,,
RAC20,CG,**
,,
WlC10,H,0
,,
WSt10,H,*
,,
AMy10,CG,**
,,
APa5,H,**
,,
APa6,BFA,
,,
APa20,AAN,
,,
CSe10,AAN,
,,
CSe10,Cesar,
,,
DDu10,H,0
,,
DDu15,H,0
,,
EdC10,H,0
,,
GKc4,H,0
,,
IMi1,H,*
,,
IMi4,H,0
,,
IMi10,H,0
,,
JkS10,H,0
,,
KrD10,H,0
,,
MCi1,H,*
,,
MCi2,AA,
,,
MCi2,AAdir,
,,
MCi2,VIP,Zinneman
,,
MiC5,AA,
,,
MiC5,H,**
,,
MiC11,H,*
,,
MiC15,H,*
,,
MiC15,RE,***
,,
MiC20,H,0
,,
RbC10,H,*
,,
RbC20,H,0
,,
RCm10,H,0
,,
RCm15,CG,**
,,
SRd30,AA,
,,
TMa1,H,***
,,
TMa10,H,0
,,
TMa11,AAN,
,,
CWh10,H,*
,,
DaG6,H,0
,,
ERz21,H,**
,,
GNe5,H,0
,,
GPC5,H,0
,,
GPC10,H,0
,,
GPC20,H,0
,,
ICa9,H,0
,,
JDe3,H,0
,,
JDe5,H,0
,,
JDe8,H,0
,,
JDe10,H,*
,,
JDe15,H,0
,,
JDe19,RE,***
,,
JDe23,AAdir,
,,
JDe23,AA,
,,
JDe35,H,v
,,
JHr10,H,**
,,
JHr20,H,0
,,
JLe10,H,0
,,
JMS1,VIP,Zinneman
,,
JMS1,H,**
,,
JMS2,H,*
,,
JSz3,H,0
,,
JSz4,H,*
,,
JSz10,H,0
,,
JSz12,H,*
,,
JuJ1,H,*
,,
JuJ10,H,0
,,
KBu10,AAN,
,,
SBs10,H,0
,,
StC10,H,0
,,
StC12,H,0
,,
StC20,H,0
,,
StC30,H,0
,,
ToH1,H,0
,,
ToH3,H,0
,,
ToH20,H,**
,,
ToH30,H,0
,,
DRi10,H,**
,,
DRi14,H,0
,,
DRi20,H,0
,,
EFo10,H,v
,,
JCT1,H,**
,,
JKp15,CG,**
,,
JKp18,H,*
,,
NSg10,H,0
,,
RaK5,H,**
,,
RaK7,H,0
,,
RaK8,CG,*
,,
RaK9,CG,**
,,
TgG1,Fun,#95
,,
TgG1,H,**
,,
TGi4,H,*
,,
TGi5,H,*
,,
TGi5,T90,
,,
TNu3,H,*
,,
TNu10,H,0
,,
WHl4,H,0
,,
WHl4,CG,***
,,
WHl10,H,0
,,
WWi10,H,0
,,
BeG10,H,0
,,
BBa1,H,0
,,
BRB3,H,*
,,
BrB5,H,*
,,
BRB7,H,**
,,
BrB10,AAN,
,,
BrB10,AANdir,
,,
BrB10,H,*
,,
BrB20,AA,
,,
CGr10,CG,***
,,
CkB10,H,0
,,
ChL2,Palm,Cannes Prix de Public
,,
GeO10,H,0
,,
IFy20,H,0
,,
ILn10,H,0
,,
JFg10,H,0
,,
JFg20,CG,**
,,
JoD5,CG,**
,,
JsF10,H,0
,,
LIC10,H,0
,,
LIC20,H,*
,,
LIC30,H,0
,,
KSh10,CG,**
,,
MLH5,H,*
,,
MLu10,CG,**
,,
MMi10,H,0
,,
MMi21,H,0
,,
MSz10,CG,*
,,
MSz11,H,0
,,
MxB10,CG,**
,,
RbM1,H,*
,,
RbM10,H,*
,,
RHf10,H,*
,,
RHf20,H,0
,,
RHo5,H,0
,,
RHo10,Fun,#17
,,
RHo10,H,*
,,
RHo12,H,**
,,
RHo29,AAN,
,,
RHo36,AANdir,
,,
SOS10,H,not
,,
SRf21,H,*
,,
TKo15,H,0
,,
TKo19,CG,**
,,
TKo20,H,0
,,
TKo22,H,0
,,
WGi5,H,0
,,
WGi10,H,0
,,
WGi15,H,0
,,
WiW1,H,
,,
WiW1,video,
,,
WiW2,H,
,,
WiW2,video,
,,
WiW4,H,
,,
WiW4,video,
,,
WiW9,H,*
,,
WiW12,H,**
,,
WiW12,BFAdir,
,,
WiW12,RE,
,,
WiW20,T90,
,,
WiW30,AAN,
,,
AsL10,H,0
,,
CSr10,H,**
,,
FrS10,H,0
,,
HNe10,H,*
,,
HNe15,H,0
,,
HNe20,CG,*
,,
HNe25,H,0
,,
JNi10,H,0
,,
MPr6,H,0
,,
MPr10,CG,*
,,
MPr11,CG,***
,,
MPr11,H,0
,,
NCh10,H,0
,,
RBn10,CG,***
,,
RMY10,CG,***
,,
RMY15,RE,***?
,,
SCo10,H,0
,,
SRi18,SE,++
,,
SWa10,H,0
,,
WLe10,CG,*
,,
BuH15,CG,**
,,
CBP10,H,0
,,
CBP12,H,0
,,
CoA10,H,0
,,
DDy10,VIP,ultimate exploitation sickie
,,
DeJ10,H,*
,,
DLy1,H,0
,,
DLy5,H,0
,,
DLy8,T90,
,,
DLy12,Palm,Golden
,,
DLy25,AANdir,
,,
DWr10,H,0
,,
FDG10,H,0
,,
FMx10,H,0
,,
GeM5,H,0
,,
IdB10,VIP,Weldon: Psychotronic
,,
ICd10,H,0
,,
HoZ10,H,*
,,
HoZ12,H,0
,,
HoZ18,H,**
,,
HSu10,H,0
,,
JCm5,AFISp,42
,,
JCm28,GG,
,,
JCm28,GGdir,
,,
JCm28,AA,
,,
JCm28,AANdir,
,,
JTo3,H,0
,,
PSc1,H,*
,,
PSc10,H,*
,,
PSc12,H,0
,,
PSc20,H,0
,,
RBu10,CG,**
,,
RBu15,H,0
,,
RBu20,CG,*
,,
RHy10,H,*
,,
RoE10,H,*
,,
RS1,H,*
,,
RS2,AFISp,6
,,
RS8,H,*
,,
RS15,AAN,
,,
RS32,AAN,
,,
SRa5,H,0
,,
TCh1,Fun,#64
,,
TCh2,H,0
,,
TMy10,H,*
,,
WBe1,AAN,
,,
WBe1,AANdir,
,,
WBe1,H,*
,,
WBe2,AAN,
,,
WBe2,AAdir,
,,
WBe2,H,**
,,
AAl6,H,**
,,
AAl10,H,0
,,
AAr10,CG,***
,,
AAr20,CG,*
,,
ABr3,Fun,#67
,,
ABr3,RE,****
,,
AlC20,Delluc,
,,
AlC20,Cesar,
,,
AlC20,Cesardir,
,,
BaB10,H,0
,,
BBi10,H,0
,,
FWa10,H,0
,,
HBe10,Kron most sexy,
,,
ICt10,CG,**
,,
JaF10,CG,*
,,
MBr10,Fun,#82
,,
MBr10,H,*
,,
MCh5,H,0
,,
MM10,H,0
,,
MM20,H,0
,,
MM37,GGN,
,,
MM37,AAN,
,,
MM37,AANdir,
,,
MLt10,H,0
,,
MRb10,H,0
,,
MRb15,H,0
,,
SDr1,H,*
,,
SDr10,H,0
,,
SyS1,H,0
,,
SyS2,H,0
,,
Sys3,H,0
,,
TrJ10,H,**
,,
TrJ15,H,0
,,
ALi10,H,0
,,
ALi15,CG,*
,,
ClP12,Cesar,
,,
DeH10,CG,*
,,
DIr10,CG,*
,,
EBi10,H,0
,,
FRa10,AAfor,
,,
GBo5,CG,**
,,
GBo15,H,0
,,
GMx2,H,v
,,
GMx5,H,*
,,
GNs10,H,*
,,
GNs15,Fun,#50
,,
GTr12,CG,**
,,
HaR1,Fun,#15
,,
HaR10,H,0
,,
IBy10,RE,**+
,,
IBy15,H,0
,,
IHm10,H,not
,,
IMz10,H,*
,,
IIr17,H,*
,,
IQd10,H,0
,,
IrW10,AA,documentary
,,
IrW10,RE,****
,,
JfW5,H,0
,,
JGl10,RE,-
,,
JGl15,CG,**
,,
JiA1,Fun,#01
,,
JiA1,H,**
,,
JiA5,Fun,#93
,,
JiA10,Fun,#75
,,
JoS1,H,0
,,
JoS5,H,0
,,
JrF10,H,0
,,
JsC10,H,0
,,
JTM10,H,*
,,
KW10,CG,0
,,
MtD10,H,0
,,
MBm1,H,*
,,
MDa10,H,0
,,
PAl21,Palmdir,
,,
PAl21,AAN,
,,
PHa10,H,0
,,
PHa15,H,0
,,
PLy10,CG,**
,,
PLy15,H,0
,,
RFM10,H,0
,,
RFM12,CG,**
,,
RGr10,H,0
,,
RLi6,H,0
,,
RLi10,H,0
,,
RoH10,CG,**
,,
RR1,AA,
,,
RR1,H,**
,,
RR4,AANdir,
,,
RSr10,H,0
,,
RSp8,CG,**
,,
RSp10,H,*
,,
SvP10,H,*
,,
TaH2,H,0
,,
TaH5,H,*
,,
TaH10,H,video
,,
TaH30,AA,
,,
TCl10,H,0
,,
THu10,RE,***?
,,
THu13,CG,***
,,
THu13,RE,**
,,
VeZ10,RE,**+
,,
WaB10,H,0
,,
YMZ20,AAN,
,,
YMZ22,AAN,
,,
AbF10,CG,**
,,
AnB10,H,0
,,
BSe10,VIP,Weldon: Psychotronic
,,
BDC8,CG,*
,,
BiP10,H,*
,,
CaG1,H,0
,,
DBd10,H,0
,,
DDa10,H,0
,,
DSh10,CG,**
,,
DSt10,H,0
,,
DuM5,H,*
,,
ErD10,H,0
,,
ETi10,H,0
,,
FLg10,H,not
,,
FRo10,H,0
,,
GrB4,H,0
,,
GrB10,RE,**
,,
HAv10,CG,*
,,
IG4,RE,**
,,
JCL10,CG,**
,,
JCp10,H,0
,,
JCp15,H,0
,,
JJB10,CG,*
,,
JJB15,AAN,
,,
KeS10,CG,*
,,
MBg10,AAN,
,,
MCb10,H,0
,,
MLe10,RE,***
,,
MLe10,CG,***
,,
MMo10,CG,*
,,
MnB10,H,0
,,
MyR10,CG,*
,,
OlS9,AA,
,,
OlS9,AAdir,
,,
OlS15,AAN,
,,
OlS15,AAdir,
,,
OlS18,AAN,
,,
OzS10,H,0
,,
PAd1,H,*
,,
QMa10,H,0
,,
RFr10,H,0
,,
RFr15,H,*
,,
RFr19,CG,**
,,
RiR10,H,0
,,
RLT10,H,*
,,
RMq5,H,0
,,
RMq8,H,*
,,
RMq10,H,**
,,
RZe1,Fun,#26
,,
RZe5,Fun,#22
,,
RZe5,H,***
,,
RZe19,AA,
,,
RZe19,AAdir,
,,
SGo10,Fun,#73
,,
SGo10,H,*
,,
SHS5,H,0
,,
StG10,CG,*
,,
TDS10,CG,*
,,
TKa10,H,0
,,
WlF10,CG,*
,,
AmH10,H,0
,,
AmH13,H,0
,,
APy10,H,0
,,
ARo10,H,0
,,
BiF10,H,**
,,
BiF13,Fun,#28
,,
BiF13,H,**
,,
BLe1,Fun,#41
,,
BLe1,H,**
,,
BLe6,AA,
,,
BLe6,AAdir,
,,
BLe11,AAN,
,,
BrP10,H,0
,,
CDe10,H,**
,,
CHa10,H,not
,,
CHa20,VIP,Margulies: bad movies we love
,,
CHa27,AAN,
,,
CHa27,AANdir,
,,
DaV1,H,*
,,
GAS10,VIP,C*
,,
GrC1,H,0
,,
GyM4,H,0
,,
HuH10,AA,
,,
IaS10,CG,**
,,
JBs10,CG,*
,,
JPK10,H,0
,,
JPK15,H,0
,,
JMl1,H,*
,,
JSo10,H,0
,,
JSo15,H,0
,,
LaK1,H,*
,,
LaK1,Kron most sexy,
,,
LaK13,AAN,
,,
LaK13,NYFC,
,,
MCa10,H,0
,,
NeJ10,H,*
,,
NeJ12,H,**
,,
NeJ22,AAN,
,,
NeJ22,AANdir,
,,
NeJ29,GGN,
,,
PaB10,H,0
,,
PWa10,H,0
,,
RiB1,H,**
,,
RiB15,H,0
,,
RiB21,H,0
,,
RLo10,H,*
,,
RLo24,Baer,Silver
,,
RJR10,CG,*
,,
RT20,RE,**+
,,
StL10,H,*
,,
SuS12,Fun,#86
,,
SuS12,H,*
,,
SuS16,RE,***+
,,
SuS25,AAN,
,,
UEd10,H,*
,,
WLu10,CG,*
,,
AdL5,H,*
,,
AdL6,RE,***+
,,
AdL6,Kron most sexy,
,,
AdL10,Kron most sexy,
,,
AdL20,Kron most sexy,
,,
AdL25,Kron most sexy,
,,
AJo10,H,*
,,
BMs10,H,***
,,
BSt1,GGdir,
,,
BSt5,AAN,
,,
BSt15,VIP,--
,,
DCb10,H,0
,,
DLo10,H,0
,,
DWi10,H,0
,,
EHo10,CG,**
,,
GJo10,CG,**
,,
GoR1,H,*
,,
GoR1,RE,***
,,
IoA10,H,*
,,
IoA10,CG,**
,,
JJm2,Fun,#91
,,
JJm2,Palm,Camera d'Or
,,
JKw5,H,0
,,
JKw10,H,0
,,
JLB1,AA,
,,
JLB1,AAdir,
,,
JLB14,GG,comd
,,
JLB14,AAN,
,,
JsS10,CG,*
,,
LCo10,CG,*
,,
LDF10,H,0
,,
LyL1,H,*
,,
MaC1,RE,***
,,
MCh2,CG,***
,,
PGr5,H,**
,,
PRb1,H,v
,,
RbR1,Fun,#03
,,
RbR14,AAN,
,,
RiC10,CG,*
,,
RoD10,H,0
,,
RPe8,CG,***
,,
RPe12,H,*
,,
RWs10,H,0
,,
PBm1,H,0
,,
SFi10,CG,**
,,
SlT10,CG,***
,,
TeB10,H,0
,,
WiD10,CG,**
,,
ACx10,Fun,#32
,,
ACx12,H,0
,,
AEy14,Palm,International
,,
AEy16,AANdir,
,,
AKu10,H,0
,,
ChS10,H,0
,,
DWa10,CG,*
,,
FKi10,H,0
,,
HuW10,H,0
,,
IHu1,CG,***
,,
JCi3,Sydney Film Festival, VIP
,,
JCi14,Palm,Golden
,,
JCi14,AAN,
,,
JCi14,AANdir,
,,
JlC7,Fun,#30
,,
JlC11,AA,
,,
JlC11,AANdir,
,,
JlC11,Palm,
,,
JlC11,Palmdir,
,,
JmF10,CG,*
,,
JSe0,H,0
,,
LeN3,H,0
,,
LeN4,H,0
,,
LPi10,CG,*
,,
MiR5,RE,***+
,,
MiR10,RE,***
,,
MKa10,H,*
,,
MKa15,AAN,
,,
MtB10,AAN,
,,
NIs10,H,0
,,
PeC10,H,0
,,
PeM10,CG,**
,,
REp10,AA,
,,
RhM10,H,0
,,
RoJ1,H,***
,,
RoJ1,AAN,
,,
RoJ1,BFA,
,,
RoJ1,SE,****
,,
RTu1,H,0
,,
RYo10,H,0
,,
Z0910,Fun,#60
,,
GaT10,AAN,
,,
ILt15,AAdir,
,,
ILt18,GG,
,,
IsS3,AAfor,
,,
ITu10,Palm,Golden
,,
LPt10,AAN,
,,
MDi10,H,0
,,
RNi10,H,v
,,
SSh10,CG,**
,,
TiB1,Fun,#56
,,
WTa10,H,0
,,
ABu10,H,0
,,
APe10,H,0
,,
BrG10,H,0
,,
DBl10,H,*
,,
HoD10,H,0
,,
HoD10,CG,***
,,
PFa1,H,*
,,
RMa10,H,0
,,
SLJ1,Fun,#51
,,
CCo3,Fun,#94
,,
CP3,VIP,E+
,,
LHa16,AAN,
,,
LHa16,AANdir,
,,
LHa17,AAN,
,,
LHa17,AAN,
,,
LVa10,RE,***
,,
PRz10,RE,***+
,,
RtT10,Fun,#71
,,
ADv17,AAN,
,,
BiA1,AAfor,
,,
BiA5,Palm,Golden
,,
CBx10,VIP,Margulies: bad movies we love
,,
CEd10,RE,****
,,
DdV2,Fun,#88
,,
GAx1,AAfor,
,,
GvS11,AAN,
,,
GvS11,AANdir,
,,
LvT20,Palm,Grand Prix de Jury
,,
LvT25,Palm,gold
,,
MFi18,AAN,
,,
MFi18,AANdir,
,,
RkM10,RE,***
,,
RSh5,Fun,#66
,,
RSh5,RE,***+
,,
ThS4,SE,+-
,,
ViW15,VIP,boring
,,
AMc10,VIP,Tampere: GP delecxt
,,
BNu1,AAN,
,,
BNu1,FAA,
,,
CaB1,RE,***+
,,
ChG2,Fun,#79
,,
GTo1,Palm,Special
,,
GTo1,AAfor,
,,
GTo1,BFA,foreign
,,
IsJ12,Palm,Int.Critics
,,
JHd10,AA,
,,
JSh1,AAN,
,,
JSh1,AANdir,
,,
JSh4,AAN,
,,
JSh4,AANdir,
,,
KBr1,AAdir,
,,
MNa10,Palm,Golden
,,
MLm1,Fun,#72
,,
PAR10,AAN,
,,
PhN10,RE,***
,,
StS1,Palm,Golden
,,
DbC10,AA,
,,
FFo10,VIP,Gouden Kalf
,,
FrM10,AAN,
,,
IDa10,VIP,Prix du festival policier a Cognac
,,
IEl10,VIP,MacArthur Prize
,,
JoA10,VIP,Deauville90
,,
JoA15,SE,1
,,
KaB10,VIP,Bayrischer Filmpreis 1990
,,
KeC1,AA,
,,
KeC1,AAdir,
,,
MMr10,Fun,#97
,,
PnM8,Fun,#54
,,
PvL1,Palm,Golden
,,
PvL5,Palm,Cast
,,
AMi15,AAN,
,,
AMi19,GGN,
,,
EdY18,Palmdir,
,,
FDF10,VIP,Margulies: bad movies we love
,,
IrS10,AA,
,,
ISn1,AANdir,
,,
JBm10,Palm,Golden
,,
JyR2,VIP,E+
,,
NiP5,AA,
,,
NiP10,AA,
,,
RUn10,Fun,#92
,,
SpJ9,AAN,
,,
BaL9,AA,
,,
GSa10,AA,
,,
RrB18,AAfor,
,,
AnL10,AAN,
,,
BLu12,VIP,gross
,,
ChK10,Palm,Golden
,,
ChK10,AAN,
,,
IMd17,AAN,
,,
IMd17,AANdir,
,,
JuM10,AAN,
,,
KTI10,VIP,Bell
,,
MlG5,AA,
,,
MlG5,AAdir,
,,
MRg10,Emmy,
,,
MoF3,VIP,Sundancedir
,,
PDq10,AA,
,,
PeJ20,AAN,
,,
RWg10,AA,
,,
SSo16,VIP,-
,,
TrH10,Palm,Camera D'or
,,
TrH10,AAN,
,,
CFd10,VIP,Sundance
,,
CyC10,Cesar,
,,
DvC10,AAN,
,,
FDa15,AAN,
,,
FTr10,AA,
,,
NnM10,Cesar,
,,
PJH10,VIP,AuAA
,,
Z9410,SE,++
,,
ChN10,AAN,
,,
RaR12,SE,--
,,
Z9661,AAdir,
,,
ABe10,GG,
,,
MHe15,SE,++
,,
MvD10,AAfor,
,,
NLB10,VIP,Sundance Trophy
,,
PCa10,AAN,
,,
TVb10,Palm,Prix de Jury
,,
xFu10,GG,foreign
,,
Z9788,SE,++
,,
BrD11,Palm,Golden
,,
PBe10,SE,--
,,
SKa10,AAN,
,,
TTy10,VIP,sundance
,,
xSa10,SE,++
,,
xSa10,AAN,
,,
ACo10,AAN,
,,
SAo10,Palm,Int.Critics
,,
EZo10,SE,++
,,
JgW10,Palm,GrandJury
,,
LyR1,Palm,Golden
,,
NtB10,AAN,
,,
NtB10,AAN,
,,
PdF10,AAN,
,,
RkB10,AAN,
,,
SMe1,GG,
,,
SMe1,GGdir,
,,
SMe1,AA,
,,
SMe1,AANdir,
,,
TGw10,Kron most sexy,
,,
TnM10,Palm,Golden
,,
TnM10,Palm,GPdir
,,
TRo1,Edinburgh,Best British
,,
TVc1,Baer,Alfred Bauer Prize
,,
TFd10,,
