AA13,Pygmalion,1938,0.5,LuB0
AA13,Pygmalion,1938,0.2,HH15
AAl20,Betsy's Wedding,1990,0. 8,VM9
AbF10,Ms.~45,1981,0.8,MiW22
AbF27,Body Snatchers,1994,0.85,PK5
ABo10,And God Spoke,1993,0.6,CDM80
AC20,The Great Impersonation,1935,0.9,Z2110
ACy10,Les Amants de Verone,1949,0.9,GC15
AdI15,Perdita Durango,1997,0.1,RoA4
AdL20,Lolita,1997,0.8,StK6
AdL25,Unfaithful,2002,0.9,ClC18
ADv15,Under Siege,1992,0.7,IMT10
ADv22,A Perfect Murder,1998,0.85,H50
ADT18,House of Wax,1953,0.8,C91
ADx35,To Woody Allen with Love,1983,0.3,WA9
ADx39,Babel Opera,1983,0. 6,JLo27
ADx45,L'Oevre au Noir,1988,0.1,JJA10
ADx45,L'Oevre au Noir,1988,0.1,ACv10
ADw40,Rebecca of Sunnybrook Farm,1938,0.8,MaN30
ADw45,The Three Musketeers,1939,0.7,RVL14
ADw75,Tennessee's Partner,1954,0.81,CBa30
AEG25,The Ghost Breaker,1922,0.9,CDM7
AEG70,The Eddie Cantor Story,1953,0.8,AEG60
AG40,Napoleon,1934,0.99,AG20
AG50,J'accuse,1937,0.99,AG10
AgH15,The Secret Garden,1993,0.9,FWx20
AgH19,Washington Square,1997,0.8,WW64
AII1,The Adventures of Scaramouche,1964,0.9>,GSy11
AHa10,The Lion in Winter,1968,0.8,PeG5
AK59,The Private Life of Don Juan,1934,0.6,AC5
AKe5,With Honors,1994,0.2,PM12
AKe5,With Honors,1994,0.2,TGi28
AKe5,With Honors,1994,0.2,JaB2
AKe5,With Honors,1994,0.2,PWr12
AKe5,With Honors,1994,0.2,MBr19
AKj14,The Cadaver,1963,0.8,ACj120
AkK16,Throne of Blood,1956,0.9,OW6
AkK20,Yojimbo,1961,0.3,StH5
AkK28,Ran,1986,0. 3,PeB6
AL13,Castle on the Hudson,1940,0.9,C89
AL20,The Long Night,1947,0.9,MC5
AL27,The Journey,1959,0.6,RWi1
AL27,The Journey,1959,0.3,C127
AlH38,Let's do it Again,1953,0.9,LMC15
ALi15,The Wild Life,1984,0.8,AmH10
AM35,A Night in Casablanca,1946,0.5,C127
AM36,Angel On My Shoulder,1946,0.8,AlH24
AMa29,Charley's Aunt,1941,0.9,WaF48
AMg10,Castle of Blood,1964,0.5,FM3
AMi19,The Talented Mr. Ripley,2000,0.9,RCl10
AnL15,"Crouching Tiger, Hidden Dragon",2000,0.3,KgH15
AnL15,"Crouching Tiger, Hidden Dragon",2000,0.3,KgH10
AnM35,Cimmaron,1960,0.9,WR40
AnP8,The Lady Vanishes,1979,0.8,H31
ATn12,Anna and the King,1999,0.8,WLa42
AnQ10,The Buccaneer,1958,0.95,CDM68
APl10,Let's Get Romantic,1990,0.85,1-Jan
ARa10,The Shakiest Gun in the West,1968,0.9,NML26
ArH236,The Babe,1992,0.9,RdR70
ArL29,Hold That Ghost,1941,0.8,WaF10
ArL36,The Phantom of the Opera,1943,0.9,RuJ3
ArP5,Bonnie and Clyde,1967,0. 6,JHL12
ARw12,Somebody to Love,1994,0.9,FF6
ASa31,Daddy Long Legs,1931,0.9,MaN40
ASa34,Rebecca of Sunnybrook Farm,1932,0.9,MaN30
AVo10,"Die T\""ur mit den Sieben Schl\:ossern",1962,0.9,NoL20
AyM10,Bloodthirsty Butchers,1970,0.9,GeK5
AyM15,The Man With two Heads,1972,0.85,RM3
AyW11,American Werewolf in Paris,1997,0.8,ILa34
BaD28,All Night Long,1961,0.3,OW7
BaD39,The Man who Haunted Himself,1970,0.7,H56
BaL1,Strictly Ballroom,1992,0.8,ChW3
BaP10,A Cool Breeze,1972,0.9,IH14
BB8,Novecento,1976,0.5,LuV20
BBe1,The Goldiggers of 1935,1935,0.5,RdR10
BBz10,Allegro Non Troppo,1990,0.8,WD103
BCl1,Deathdream,1972,0. 8,NoL45
BCl4,Murder by Decree,1979,0. 8,H9
BDC8,Galaxy of Terror,1981,0.5,RS2
BDn7,The Constant Nymph,1933,0.95,AdB21
BdP10,Phantom of The Paradise,1974,0.6,TFi20
BdP10,Phantom of The Paradise,1974,0.1,RW1
BdP10,Phantom of The Paradise,1974,0.1,WlD36
BdP10,Phantom of The Paradise,1974,0.1,H73
BdP10,Phantom of The Paradise,1974,0.1,ALe2
BdP11,Obsession,1976,0.5,H65
BdP14,Dressed to Kill,1980,0.6,H73
BdP17,Body Double,1984,0. 1,H65
BdP17,Body Double,1984,0. 2,H51
BdP21,Casualties of War,1989,0.3,SE4
BdP25,Raising Cain,1992,0.2,MP35
BdP25,Raising Cain,1992,0.2,H73
BdP25,Raising Cain,1992,0.15,TYg25
BdP26,Carlito's Way,1993,0.6,RaW59
BdP30,Mission Impossible,1996,0.8,JD17
BE7,Breakfast at Tiffany's,1961,0.6,HCs4
BE20,The Return of the Pink Panther,1974,0.3,H52
BE34,Victor/Victoria,1982,0.6,RhS20
BE34,Victor/Victoria,1982,0.2,BF8
BE45,Switch,1991,0.8,VM28
BF5,Sweet Charity,1968,0.7,FF6
BF6,Cabaret,1972,0.4,HCs4
BF6,Cabaret,1972,0.3,BE7
BF8,All That Jazz,1979,0.5,RhS20
BF9,Star 80,1983,0.9,CBe10
BFo13,The Slipper and The Rose,1976,0.6,WlJ12
BiA10,Les Miserables,1998,0.8,LM32
BsK19,The Three Ages,1925,0.5,DWG52
BLw10,"The Favor, the Watch, and the Very Big Fish",1992,0.8,ChC30
BoS75,The Omega Man,1971,0.8,UbR10
BPr10,Anna Karenina,1997,0.8,JuD16
BRf20,The Postman Always Rings Twice,1981,0.9,TG30
BSc28,Single White Female,1992,0.3,InB27
BSc28,Single White Female,1992,0.2,AdL10
BSe10,Dial M for Murder,1981,0.8,H50
BSi13,City of Angels,1998,0.9, WiW20
BSp10,That Darn Cat,1997,0.9,RoS92
BTh13,Dr.Dolittle,1998,0.9>,RiF25
BVi12,The Man from Yesterday,1932,0.5,DWG27
BW4,Double Indemnity,1944,0.1,HH12
BW8,Sunset Boulevard,1950,0.5,W73
BW17,The Apartment,1960,0.1,EG11
ByH8,Treasure Island,1950,0.9,VF36
C91,The Mystery of the Wax Museum,1933,0.6,C87
C112,The Adventures of Robinhood,1938,0.9,ADw17
C117,Daughters Courageous,1938,0. 8,C113
C118,The Private Lives of Elizabeth and Essex,1939,0.7,LMe10
C127,Casablanca,1942,0.3,HAA10
C131,Passage to Marseilles,1944,0.4,C127
C143,The Breaking Point,1950,0.8,HH27
C146,Force of Arms,1951,0. 8,FB27
C157,The Jazz Singer,1953,0.9,AC8
C165,The Vagabond King,1956,0. 6,FLl89
C171,The Adventures of Huckleberry Finn,1960,0.8,RTh6
CAL50,The Count of Monte Christo,1961,0.8,RVL10
CaR5,The Comic,1969,0.3,OW1
CaR5,The Comic,1969,0.5,CBm10
CaR20,Dead Men Don't Wear Plaid,1982,0.2,IH1
CaR20,Dead Men Don't Wear Plaid,1982,0.2,ElN15
CaR20,Dead Men Don't Wear Plaid,1982,0.2,HH28
CaR20,Dead Men Don't Wear Plaid,1982,0.2,KV40
CaR31,Sibling Rivalry,1990,0.8,H53
CaR35,Fatal Instinct,1993,0. 6,AdL10
CaR35,Fatal Instinct,1993,0. 2,PVh20
CaR35,Fatal Instinct,1993,0. 1,Jas44
CBu8,Notorious,1989,0. 9,H43
CBu10,Curiosity Kills,1990,0.7,H1
CBw29,Anna Karenina,1935,0.9,10-Mar
CC77,Modern Times,1936,0.1,RC10
CC79,The Goldrush,1942,0.9,CC73
CCG15,The Music Box,1989,0.4,RMq10
CCr12,Whispers in the Dark,1992,0.4,BdP14
CD28,The Thief of Bagdad,1981,0.9,MP4
CDM32,The Squaw Man,1918,0.9,CDM4
CDM55,The Squaw Man,1932,0. 9,CDM4
CDM80,The Ten Commandments,1956,0.99,CDM45
CDr10,Vampyr,1932,0.3,JC1
CDr9,The Passion of Joan of Arc,1928,0.8,CDM22
CEa40,A Perfect World,1993,0.7,GSt17
CEa42,Power of One,1997,0.8,H52
CFr10,Intimate Relations,1953,0. 9,JC9
CGl50,The Last Days of Pompeii,1928,0.8,ElR10
CGl90,Faust and the Devil,1949,0.75,NOx20
CGl115,Carmen di Travestere,1962,0.8,ChV26
CH5,Anthony and Cleopatra,1971,0.7,CDM59
CH5,Anthony and Cleopatra,1971,0.2,GPa2.
CHa20,The Hand that Rocks the Cradle,1991,0.3,AdL10
ChG10,Attack of the 50-foot Woman,1993,0.9,NJu9
ChJ20,Boule de Suif,1945,0.9,MhR1
ChJ36,Madame DuBarry,1954,0.9,WlD20
ChS20,Father of the Bride,1991,0.8,VM9
ChS24,I Love Trouble,1994,0.6,GC30
ChV8,The Lady in Question,1940,0.9,MPa3
ChV26,The Loves of Carmen,1948,0.7,RaW20
ChV26,The Loves of Carmen,1948,0.2,ChV20
ChV46,A Farewell to Arms,1957,0.9,FB27
ChW2,Good News,1947,0.9,NGr10
ChW12,High Society,1956,0.9,GC21
ChW22,The Unsinkable Molly Brown,1964,0.4,JN19
ChW25,"Walk, Don't Run",1966,0.8,GSt13
CJ4,Lost Horizon,1973,0.8,FC27
CJ4,Lost Horizon,1973,0.1,RWi31
ClL25,Les Miserables,1995,0.7,LM32
CMF1,Vanity Fair,1932,0.8,RM8
CNo1,Following,1999,0.3,H48
CoB3,The Years Between,1946,0.5,BVi12
CoB6,King Solomon's Mines,1950,0.9,RoS6
CPR10,A Challenge for Robin Hood,1968,0.9,C112
CrR10,Seven Capital Sins,1951,0.2,H27
CSr10,Carmen,1983,0.5,CDM15
CuB37,The Merry Widow,1952,0.9,EL61
CuB39,Miss Sadie Thompson,1953,0.8,LM11
CuB40,Beau Brummel,1954,0.8,HB40
CyE30,Mysterious Island,1961,0.8.,LuH10
CyE40,De Sade,1961,0.8,PeB4
DaB28,Tea for Two,1950,0.8,HWx21
DaB30,Painting the Clouds with Sunshine,1951,0.9,RdR10
DaB33,Where's Charley?,1952,0.5,AMa29
DaG3,The Count of Monte Christo,1974,0.9,CAL50
DaG6,Gray Lady Down,1978,0.9,RWB20
DaM30,Journey into Fear,1976,0.9,NF16
DAz23,Nana,1934,0. 7,JR5
DBd10,East of Elephant Rock,1981,0.9,WW46
DBo10,Trainspotting,1996,0.2,StK9
DBo12,A Life Less Ordinary,1997,0.3,FC25
DBo15,The Beach,2000,0.3,PeB3
DBo15,The Beach,2000,0.1,FFC8
DBo15,The Beach,2000,0.1,MCi2
DBr10,The Man Who Wouldn't Talk,1940,0.9,WKH14
DBu10,Lily of the Dust,1924,0.8,JKf10
DBy10,They Saved Hitler's Brain,1963,0.1,AtR10
DCh15,One Million Years B.C.,1967,0.9,HRo5
DCr20,The Fly,1986,0.7,KuN14
DCr22,Dead Ringers,1991,0.5,PW1
DeD65,The Badlanders,1958,0.9,IH14
DiD10,Astero,1959,0.85,DGz10
DkP3,You Can't Run Away From It,1956,0.9,FC25
DL5,Great Expectations,1946,0. 2,StW9
DL10,Hobson's Choice,1954,0.8,ThB55
DLR3,To Catch a Butterfly,1963,0. 8,MLR43
DLR5,Madame X,1965,0.9,SW13
DLy8,Blue Velvet,1986,0.9,VM8
DM101,The Vanishing Lady,1955,0.7,H31
DMa10,Things Change,1988,0. 3,FC24
DMa10,Things Change,1988,0. 3,HAs3
DME10,The Sandlot,1993,0.25,MRt7
DME10,The Sandlot,1993,0.25,BLv10
DME10,The Sandlot,1993,0.25,Z9010
DME10,The Sandlot,1993,0.25,PAR10
DMi25,The Opposite Sex,1956,0.85,GC19
DMi32,Back Street,1961,0.9,RoS13
DoH10,Beau Geste,1966,0.9,W77
DoS16,The Thirty-nine Steps,1978,0.8,RaT26
DPs13,Galaxy Quest,1999,0.7,RWi38
DRa10,East Side Story,1997,0.1,GAv10
DRa10,East Side Story,1997,0.8,UNS
DPa10,Hercules Returns,1992,0.8,PtF10
DRi10,"Farewell, My Lovely",1975,0.85,EDm22
DS6,The Verdict,1946,0.85,MiG3
DS13,The Invasion of the Body Snatchers,1954,0.8,Wi3
DS20,The Killers,1964,0.9,RSi20
DSk49,Magnificent Obsession,1954,0. 9,JMS30
DSk50,There's Always Tomorrow,1955,0.4,DL4
DSk50,There's Always Tomorrow,1955,0.5,ESl10
DSk59,Imitation of Life,1959,0.8,JMS25
DTa211,The Island of Dr.~Moreau,1977,0. 9,EaK8
DuW10,"Some Will, Some Won't",1972,0.9,MZa5
DvJ6,The Trial,1993,0.9,OW10
DWG40,The Raven,1909,0.8,DWG10
DZo10,We're Back! A Dinosaur Story,1993,0.85,SS24
EAB10,Escape in the Desert,1945,0.8,AMa18
EaK10,From Hell to Heaven,1933,0.7,EG11
EBS90,Mighty Joe Young,1949,0.5,EBS50
EBz46,The Getaway,1946,0.9,JWR13
EBz50,Easy to Wed,1946,0.9,JCw62
ECa62,The Girl of the Golden West,1929,0.8,CDM9
EdC10,My Little Chickadee,1940,0.5,GM200
ECn29,Training for Husbands,1921,0.99,ECn26
ECn156,When a Man's a Man,1935,0.95,ECn105
EDm20,Captive Wild Woman,1943,0.3,KuN4
EDm22,"Murder, My Sweet",1944,0.7,EuF57
EDm25,Till the End of Time,1946,0.8,WW63
EDm35,Broken Lance,1954,0.7,JLM8
EDm40,Raintree County,1958,0.5,VF44
EDm43,The Blue Angel,1959,0.9,S9
EdS75,Speak Easily,1932,0.1,ChR13
EG16,The Dawn Patrol,1938,0.9,HH9
EG20,Til We Meet Again,1940,0.9,TG8
EG23,The Constant Nymph,1943,0.9,BDn7
EG25,Of Human Bondage,1946,0.9,ICr19
EG28,Everybody does it,1949,0.85,GrR7
EGC10,Scaramouche,1976,0.7,AII1
EJL10,The Three Godfathers,1916,0.9,UN
EL21,Gipsy Blood,1918,0.8,CDM15
EL53,Monte Carlo,1930,0.8,SiO30
EL56,One Hour With You,1932,0.9,EL42
EL61,The Merry Widow,1934,0.9,EvS6
EL63,Bluebeard's Eighth Wife,1938,0.7,EL37
ElN8,The Cat and The Canary,1939,0.9,PlL2
ElR10,The Last Days of Pompeii,1913,0.8,LMi1
ELu19,Her Husband Lies,1937,0.85,ICr4
EMo17,"Dracula, Pere et fils",1976,0.7,TB55
EMt10,Cauchemares,1977,0.8,WFr36
ESc10,If Lucy Fell,1996,0.9,RbR10
ETG12,The Hands of Orlac,1961,0.7,RW30
EuL20,The Giant Behemoth,1959,0.9,EuL10
EuL30,Gorgo,1961,0.9,EuL20
EWS4,Vampire,1979,0.8,IBa10
EZw4,Leaving Normal,1992,0.8,RS15
FB40,Hearts Divided,1936,0.9,AC9
FBr50,King of the Rocker Men,1949,0.2,FeF12
FBr60,Zombies of the Stratosphere,1952,0.2,UN
FBr60,Zombies of the Stratosphere,1952,0.3,FBr50
FC23,The Bitter Tea of General Yen,1933,0.3,S13
FC35,It's a Wonderful Life,1946,0.4,FC22
FCo10,El Fantasma de la Opera,1960,0. 5,ArL36
FDL10,Great Locomotive Chase,1956,0.5,CBm10
FeF85,Donovan's Brain,1953,0. 9,GeS17
FF1,Variety Lights,1950,0.4,CLB20
FF4,La Strada,1954,0.4,JW2
FF6,Notte di Cabiria,1957,0.3,FF2
FF6,Notte di Cabiria,1957,0.2,PFo10
FF50,Intervista,1992,0.4,FF7
FFC1,Dementia 13,1963,0.8,WiC55
FFC2,You're a Big Boy Now,1966,0.1,FFC1
FFC26,Bram Stoker's Dracula,1992,0.75,FM3
FFC26,Bram Stoker's Dracula,1992,0.15,WW45
FFC26,Bram Stoker's Dracula,1992,0.05,RoV5
FFC26,Bram Stoker's Dracula,1992,0.1,TFi15
FiC11,Miracle on 34th Street,1973,0.95,GS3
FJS18,The Boys From Brazil,1973,0.3,H34
FL8,"Der M\""ude Tod",1921,0.8,UN
FLl7,Les Mis\'erables,1918,0.5,CPa50
FL29,Scarlet Street,1945,0.8,JR20
FL40,Human Desire,1954,0.8,JR65
FLg10,Fear No Evil,1981,0.3,WW66
FLg10,Fear No Evil,1981,0.3,RD4
FLg10,Fear No Evil,1981,0.3,GRo1
FLl40,East Lynne,1931,0.9,BHd10
FLl75,Under Two Flags,1936,0.8,TB15
FLl89,If I were King,1939,0.9,AC6
FM6,Faust,1926,0.75,NOx20
FMD10,Scared Stiff,1945,0.7,GM210
FMe10,El Vampiro,1957,0.8,GMf60
FrC1,A Thousand Clowns,1965,0.3,FC28
FrF35,Tales from the Crypt,1972,0.18,WR60
Fro28,Cleopatra,1999,0.7,JLM17
Fro28,Cleopatra,1999,0.2,CDM59
FrP2,A Star is Born,1976,0.8,GC39
FrR1,Carmen,1984,0.5,CDM15
FrT13,The Girl Can't Help It,1957,0.5,GC33
FrT20,Rock a Bye Baby,1958,0.8,PS7
FrT22,Say One For Me,1959,0.85,LMC18
FrT23,Cinderfella,1960,0.5,WlJ14
FT4,Jules et Jim,1961,0.75,EL60
FT15,La Nuit Americaine,1973,0.4,JR70
FTu40,True to the Army,1940?,0.8,ElN5
FTu60,Don Juan Quilligan,1955,0.5,VSh23
FTu20,Roman Scandals,1933,0.5,CDM56
FZe1,The Taming of the Shrew,1966,0.4,GSy13
FZe2,Romeo and Juliet,1968,0.9,GC15
FZe15,Hamlet,1990,0.8,LOl2
GAd5,Lord Love a Duck,1966,0. 2,FF6
GAd5,Lord Love a Duck,1966,0. 2,TRs12
GAd5,Lord Love a Duck,1966,0. 2,CD8
GaK5,My Favourite Wife,1940,0.4,BVi12
GaK6,They Knew What They Wanted,1940,0.9,Z1120
GAr80,Some Like It Hot,1939,0.9,WR72
GaT10,Beauty and the Beast,1992,0.8,JC6
GaT18,The Hunchback of Notre Dame,1996,0.8,WlD36
GBl10,To Kill a Clown,1972,0.8,IrP1
GBo10,Body and Soul,1981,0.8,RoR1
GBW10,The Chinese Bungalow,1930,0.9,SiH20
GC6,One Hour with You,1932,0.9,EL42
GC17,Holiday,1936,0. 9,EHG15
GC22,A Woman's Face,1942,0.9,GvM12
GC26,Gaslight,1944,0.9,ThD30
GC39,A Star is Born,1954,0.95,W13
GC47,Something's Got To Give,1963,0.8,GaK5
GC48,My Fair Lady,1963,0.8,AA13
GC52,The Blue Bird,1976,0.8,WLa19
GC54,Rich and Famous,1981,0.8,VSh10
GDo18,If You Knew Susie,1948,0.6,ELM22
GDo23,Rogues of Sherwood Forest,1950,0.8,C112
GeM2,Mad Max,1979,0. 3,PBa3
GDo74,Stagecoach,1966,0. 9,IF86
GDo81,In Like Flint,1967,0.6,TYg18
GeK10,The Chinese Bungalow,1939,0.9,GBW10
GgL2,American Graffiti,1973,0.5, PBo3
GeE10,Final Round,1993,0.8,UN
GeQ10,National Lampoon's Loaded Weapon 1,1992,0.8,RD19
GeS27,Johnny Comes Flying Home,1946,0. 5,WW63
GeS29,Last of the Redmen,1947,0.9,GBS92
GeW3,World's Greatest Lover,1977,0.5,FF2
GeW5,The Woman in Red,1984,0.95,JLD10
GFj15,I Was a Teenage Werewolf,1957,0.7,GWg16
GFj20,The Rebel Set,1959,0.4,IH14
GFj20,The Rebel Set,1959,0.4,StK3
GGC10,Love Affair,1994,0.9,LMC23
GgL3,Star Wars,1977,0.3,AkK14
GGM10,Johnny Cien Pesos,1993,0.8,SL22
GiA30,The Last Days of Chez Nous,1979,0.3,JR25
GiA32,Little Women,1993,0.9,GC12
GJu1,10 Things I Hate About You,1999,0.6,GSy13
GKe2,Singin' in the Rain,1952,0.1,ChR13
GKe8,Hello Dolly,1969,0.7,2-Jan
GLC9,What Every Woman Knows,1934,0.9,WDM5
GlJ10,Frankenstein,1973,0.9,JW2
GM190,The Goldwyn Follies,1938,0.7,RZL20
GM200,Destry Rides Again,1939,0.8,LwS90
GM210,The Ghost Breakers,1940,0. 7,AEG25
GM210,The Ghost Breakers,1940,0. 2,ElN8
GM224,Monsieur Beaucaire,1946,0.8,EL53
GM230,Fancy Pants,1950,0.9,LMC12
GM238,Scared Stiff,1953,0.4,FMD10
GM238,Scared Stiff,1953,0.5,GM210
GM300,Destry,1954,0.99,GM200
GM305,The Gazebo,1959,0.8,H53
GMf60,Dracula,1932,0.95,TB55
GMf70,The Light That Failed,1923,0.9,UN
GMu15,Young Guns,1990,0.8,GMu15
GMy35,Within the Law,1939,0.9,SW6
GNj1,Anne of Green Gables,1934,0.95,WDT27
GoG10,Room to Let,1950,0.7,H9
GoH53,Murders in the Rue Morgue,1971,0.9,RFl20
GoP12,Tom Brown's Schooldays,1950,0.9,RoS11
GPa2,Caesar and Cleopatra,1945,0.3,CDM59
GRH8,The Sting,1966,0.3,GRH6
GRH10,Slap Shot,1977,0.4,RoA64
GRo1,The Night of The Living Dead,1968,0.3,HHH1
GRo1,The Night of The Living Dead,1968,0.4,UbR10
GRo30,The Night of The Living Dead - The Remake,1990,0.8,GRo1
GrR1,Lancer Spy,1937,0.7,AC20
GrR3,Intermezzo,1939,0.98,GvM10
GS6,For Heaven's Sake,1950,0.6,AlH24
GSc10,Elizabeth the Queen,1968,0.7,LMe10
GSi10,Of Mice and Men,1992,0.9,LM17
GSl10,The Vanishing,1990,0.9,CDr10
GSl12,The Vanishing,1993,0.98,GSl10
GSn10,The Bachelor,1999,0.9,IGB10
GSt8,Gunga Din,1939,0.9,LM10
GSt15,A Place in The Sun,1951,0.9,S12
GSy7,The Three Musketeers,1948,0.8,ADw45
GSy10,Showboat,1951,0.9,JW11
GSy11,Sacaramouche,1952,0.9,RxI20
GSy13,Kiss Me Kate,1953,0.5,SaT15
GSy40,Half a Sixpence,1967,0.8,CR12
GTh26,Carry On Spying,1963,0.4,TYg17
GTh28,"Carry On, Cleo",1964,0.4,JLM17
GTh36,Follow that Camel,1967,0.6,DL13
GTh37,Don't Loose Your Head,1966,0.6,HY1
GTh50,Carry On Henry,1971,0.6,WHu10
GTh62,Carry On Emmanuelle,1977,0.4,JuJ1
GTz3,Counterfeit Coin,1955,0.6,MOp21
GvS5,My Own Private Idaho,1991,0.2,OW11
GvS12,Psycho,1998,0.9,H73
GWg16,The Wolf Man,1940,0.8,StW10
GWg23,The Climax,1944,0.5,ArL36
GyM20,Pretty Woman,1990,0.3,AA13
H23,Number Seventeen,1932,0.5,GzB1
H26,The Man Who Knew Too Much,1934,0.1,MLR8
H27,The 39 Steps,1935,0.5,H26
H29,Sabotage,1936,0.2,UN
H31,The Lady Vanishes,1938,0.4,WaF15
H49,I Confess,1952,0.3,H27
H57,The Man Who Knew Too Much,1956,0.99,H26
H60,Mr. Blandhard's Secret,1956,0.7,H51
H61,The Wrong Man,1957,0.1,EK3
H61,The Wrong Man,1957,0.3,H27
H69,North by Northwest,1959,0.3,H27
H69,North by Northwest,1959,0.1,LO12
H69,North by Northwest,1959,0.3,LoK50
H83,Frenzy,1972,0.25,H27
HBH35,"Hello, Frisco, Hello",1943,0.9,SLa3
HBH45,Three Little Girls in Blue,1946,0.8,WAS100
HBH60,She's Working Her Way Through College,1952,0.7,ElN11
HBH60,She's Working Her Way Through College,1952,0.2,LlB50
HB60,His Majesty Bunker Bean,1925,0.9,UN
HbR1,Goodbye Mr.~Chips,1969,0. 9,SW15
HbR4,"Play it Again, Sam",1972,0. 3,C127
HbR4,"Play it Again, Sam",1972,0. 4,IH1
HbR17,Pennies From Heaven,1981,0.9,DPo6
HCP4,The Shopworn Angel,1938,0.9,RWa10
HCP5,Congo Maisie,1938,0.85,VF33
HCP28,Three for the Show,1955,0.3,CoB3
HCP28,Three for the Show,1955,0.6,WR120
HDl10,Schtonk,1992,0.3,CC78
HeD124,A Home Away From Home,1963,0.8,H42
HeD125,Nothing Ever Happens in Linvale,1963,0.8,H51
HeM30,Back Room Boy,1941,0.8,WaF10
HFr10,Blowing Wild,19++,0.9,AM15
HFr30,Man in the Attic,1953,0. 8,H9
HgS10,The Time Machine,1978,0.96,GPl10
HH9,Dawn Patrol,1930,0.3,W3
HH13,Tiger Shark,1932,0.3,LlB21
HH23,His Girl Friday,1940,0.9,LM10
HH25,Ball of Fire,1944,0.3,DvH10
HH27,To Have and Have Not,1944,0.7,C127
HH29,A Song is Born,1948,0.8,HH25
HHa16,The Trail of the Lonesome Pine,1936,0.9,HHa19
HHa56,Of Human Bondage,1964,0.9,ICr19
HHo5,Vicki,1953,0.9,HBH31
HIL5,Mr.~Moto in Danger Island,1938,0.9,LoK3
HK56,Way Down East,1936,0.9,DWG64
HK92,Untamed,1955,0.3,VF44
HKl23,Step Down to Terror,1959,0.8,H38
HNe17,The Cannonball Run,1981,0.1,Z7310
HKo24,Wabash Avenue,1959,0.9,WLa27
HKu10,Daughters of Darkness,1971,0.5,FM3
HoG10,Goliathon,1977,0.9,IGu29
HoK5,Big House USA,1954,0.8,GHl7
HoZ18,Unfaithfully Yours,1983,0.85,PS10
HPr20,A Little Night Music,1977,0.5,InB16
HSu10,Deathsport,1978,0.4,NJ13
HtB10,PCU,1994,0.8,ILa32
HWo1,Drei von der Tankstelle,1955,0.9,WTh3
HWx21,No No Nanette,1940,0. 8,CBa10
HWx45,Picadilly Incident,1946,0.3,OP8
HWx45,Picadilly Incident,1946,0.5,BVi12
HY118,The Scarlet Pimpernel,1934,0.8,ME40
IvR21,Junior,1994,0.9,Z7840
IAv18,Happy New Year,1987,0.9,ClL16
IB8,Broken Blossoms,1936,0.9,DWG57
IB19,The Lodger,1944,0. 8,H9
IBa23,Point of No Return,1993,0.9,LBe10
IBe4,Casbah,1948,0.8,ICr28
IBe10,Don Juan,1956,0.5,VSh23
IBl15,China Moon,1994,0.85,BW4
IBt20,Happy is the Bride,1957,0.9,AA16
IBy15,The Razor's Edge,1984,0.9,EG20
ICa9,The Thing,1982,0.8,CNy1
ICa20,Memoirs of an Invisible Man,1991,0.7,JW6
ICa25,Escape from L.A..,1996,0.5,ICa8
ICr27,The Prisoner of Zenda,1937,0.9,RxI10
ICr28,Algiers,1938,0.85,JuD8
ICr40,Dead Reckoning,1947,0. 3,IH1
ICr40,Dead Reckoning,1947,0. 3,HH27
IDu10,Far East,1982,0.8,C127
IDu22,Wide Saragossa Sea,1993,0.8,RoS15
IF15,Marked Men,1920,0.5,EJL10
IF77,The Informer,1935,0.9,ArR10
IF86,Stage Coach,1939,0.7,MhR1
IF100,The Three Godfathers,1948,0.9,RyB18
IF108,Mogambo,1953,0.9,VF33
IFa8,Broadway Musketeers,1938,0.9,MLR12
IFa14,A Bill of Divorcement,1940,0.99,GC8
IFa28,Alias Nick Beal,1949,0.5,WlD39
IFa34,Hondo,1954,0. 8,GSt17
IFa39,Back from Eternity,1956,0.8,IFa10
IFa45,The Unholy Wife,1957,0.6,BW4
IFr35,52 Pickup,1986,0.9,JLT40
IFr51,The Island of Dr.Moreau,1996,0.95,DTa211
IGi20,Fury at Smuggler's Bay,1958,0.8,H32
IGu29,King Kong,1976,0.9,EBS50
IH1,The Maltese Falcon,1941,0.8,RDR32
IH12,Key Largo,1948,0.6,HH27
IH16,The African Queen,1951,0.3,EP1
IH18,Beat the Devil,1954,0.9,IH1
IH19,Moby Dick,1956,0.6,LlB21
IH22,The Unforgiven,1960,0.7,KV56
IH39,Wise Blood,1979,0.7,RcB14
IHk10,Treasure Island,1971,0.9,ByH8
IHu16,Roxanne,1987,0.7,MiG10
ILa34,American Werewolf in London,1981,0.8,StW10
ILb12,Aqua Sex,1965,0.95,ILb10
IMN10,Henry: Portrait of a Serial Killer,1990,0.7,LKa1
IMT22,Last Action Hero,1993,0.4,FZe15
IMT22,Last Action Hero,1993,0.3,BsK22
IMT22,Last Action Hero,1993,0.1,MF8
IMT29,The Thomas Crown Affair,1999,0.8,NJ8
IMvS6,On the Double,1961,0.9,WLa38
InA1,The Story of Mankind,1957,0.2,GPa2
InB15,The Naked Night,1955,0.99,InB13
InB16,Smiles of a Summer Night,1955,0.3,JR70
InB22,The Devil's Eye,1960,0.6,VSh23
InB27,Persona,1965,0.6,InB6
IPC25,Sleeping Car to Trieste,1948,0.9,WaF15
IPq10,Jungle 2 Jungle,1977,0.9,UN
IRa4,The Great Impersonation,1942,0.9,AC20
IrC10,Sweet Rosie O'Grady,1943,0.9,TG16
IrC67,Curly Top,1935,0.8,MaN40
IrC81,That Night in Rio,1941,0.8,WLa38
IrP21,Tomorrow is Forever,1946,0.5,BVi12
IrR6,"Now, Voyager",1942,0.4,WlJ12
IrR16,Deception,1946,0.8,JdL10
ISt11,The Sign of the Ram,1948,0.8,IB21
ISt29,The Magnificent Seven,1960,0.8,AkK15
ISt31,Sergeants Three,1961,0.8,GSt8
IS2,A Kind of Loving,1962,0.4,KRz4
IS25,Pacific Heights,1990,0.7,AdL10
ISt24,Gunfight at the OK Corral,1957,0.5,C119
ISt24,Gunfight at the OK Corral,1957,0.2,IF98
IvR6,Ghostbusters,1986,0.3,GM210
IvR6,Ghostbusters,1986,0.4,GM238
IvR12,Ghostbusters II,1989,0.6,IvR6
IvR23,Father's Day,1996,0.9,Z9060
IvY10,The Blob,1958,0.2,IPa10
IWk3,Night and the City,1992,0.9,JD10
JnB70,La Poison,2000,0.9,SG54
JaH16,A Study in Terror,1965,0.7,H9
JaH22,Captain Nemo and the Underwater City,1969æ,0.7,LuH10
JAl20,Fantasia 2000,1999,0.7,WD103
JaS20,I'd Rather be Rich,1964,0.85,HKo13
JaS44,Double Indemnity,1973,0.95,BW4
JaS46,Airport 75,1974,0.8,HaB9
JAv15,Up Close and Personal,1996,0.8,FrP2
JbB10,Beck,1992,0.88,SRo32
JBC14,The Big Show,1960,0.8,JLM8
JBH10,The Bedford Incident,1965,0.4,EDm34
JBH10,The Bedford Incident,1965,0.2,StK7
JC10,Orph\'ee,1949,0.3,JC1
JC10,Orph\'ee,1949,0.3,ML2
JCa9,The Liquidator,1965,0. 3,TYg18
JCh10,Police Story,1985,0.8,PY4
JCn6,The Great Gatsby,1974,0.7,ElN15
JCw61,A Tale of Two Cities,1935,0.8,WmH10
JD8,The Naked City,1948,0.7,HHa28
JD25,A Dream of Passion,1978,0.8,JD16
JDB15,The Haunting of Hill House,1999,0.9,RWi29
JeC14,Diabolique,1996,0.9,HGC17
JDB10,Speed,1994,0.3,JaS46
JDr10,A Kiss Before Dying,1991,0.1,CTB10
JDr10,A Kiss Before Dying,1991,0.8,UN
JFe20,State Fair,1962,0.9,WLa29
JfB10,Rear Window,1998,0.9,H51
JFr8,Marquis de Sade: Justine,1968,0.7,PeB4
JfW5,Die Laughing,1980,0.75,H27
JGl10,The Exterminator,1980,0.95,MiW22
JGs6,A Man Named Gannon,1964,0.9,KV51
JHi7,The Spoilers,1955,0. 9,REn53
JHL12,Gun Crazy,1949,0.8,FL20
JHo24,Toy Tiger,1956,0.85,NT50
JHr10,That's Entertainment,1974,0.04,VM10
JHr10,That's Entertainment,1974,0.04,VM13
JHr10,That's Entertainment,1974,0.04,ChW4
JHr10,That's Entertainment,1974,0.04,RdR56
JHr10,That's Entertainment,1974,0.04,NT70
JHr10,That's Entertainment,1974,0.04,JqA10
JHr10,That's Entertainment,1974,0.04,RZL20
JHr10,That's Entertainment,1974,0.04,ChW12
JHr10,That's Entertainment,1974,0.04,RRw5
JHr10,That's Entertainment,1974,0.04,ChR13
JHr10,That's Entertainment,1974,0.04,RZL37
JHr10,That's Entertainment,1974,0.04,VM4
JHr10,That's Entertainment,1974,0.04,VF39
JHr10,That's Entertainment,1974,0.04,StD4
JHr10,That's Entertainment,1974,0.08,StD7
JHr10,That's Entertainment,1974,0.08,GSy10
JHr10,That's Entertainment,1974,0.04,BBe17
JHr10,That's Entertainment,1974,0.04,VF43
JHr10,That's Entertainment,1974,0.04,RTh27
JHr10,That's Entertainment,1974,0.04,RM16
JHr10,That's Entertainment,1974,0.04,LeK10
JHr10,That's Entertainment,1974,0.04,VM3
JiA1,Airplane!,1980,0.4,JaS46
JiA1,Airplane!,1980,0.3,HaB9
JiS10,The Rocky Horror Picture Show,1975,0.4,EGU1
JKp32,Unlawful Entry,1992,0.3,AdL10
JKp35,Bad Girls,1994,0.8,SaP4
JKt10,The Prince of Egypt,1998,0.8,CDM80
JlC11,Barton Fink,1991,0.3,StK15
JlC21,"O Brother, Where Art Thou",2000,0.5,APv11
JLG20,Pr\'enom Carmen,1966,0.5,CDM15
JLM5,Escape,1948,0.9,BDn2
JLM17,Cleopatra,1962,0.9,CDM59
JLo4,M,1951,0.9,FL16
JLT19,Cape Fear,1962,0.2,HH12
JLT21,Return from the Ashes,1962,0.5,HCP28
JLT25,Caboblanco,1980,0.8,C127
JLT29,Huckleberry Finn,1974,0.9,C171
JLT50,King Solomon's Mines,1985,0.9,CoB6
JMB1,Breathless,1983,0.9,JLG1
JTh10,The Venetian Affair,1967,0.8,JSg5
JTM10,Battle Beyond the Stars,1980,0.7,AkK15
JTM10,Battle Beyond the Stars,1980,0.2,ISt29
JMu1,Dillinger,1973,0. 6,MxN10
JmF10,Reckless,1984,0.4,NR11
JmF10,Reckless,1984,0.4,MCh1
JN2,Singapore Woman,1941,0.9,AEG41
JN16,Lure of The Wilderness,1952,0.9,JR15
JN20,How to Marry a Millionaire,1953,0.5,DaB30
JN20,How to Marry A Millionaire,1953,0.4,WAS100
JN21,Three Coins in the Fountain,1954,0.4,JN20
JN23,Daddy Longlegs,1955,0.8,ASa31
JN25,The Rains of Ranchipur,1955,0.9,CBw36
JN31,The Pleasure Seekers,1964,0.95,JN21
JnD33,Notre Dame de Paris,1956,0.6,WlD36
JNi24,Wolf,1994,0.7,GWg16
JnL10,Nuns on the Run,1990,0.6,StD61
JnL13,The Distinguished Gentleman,1993,0.8,FC29
JNm40,"Tarzan, The Ape Man",1959,0.9,WvD43
JNs109,Bull in a China Shop,1958,0.8,FC34
JNs410,Summer Magic,1963,0.9,RVL25
JlC10,Miller's Crossing,1990,0.2,RdR32
JLG16,Pierrot le Fou,1965,0.3,NR10
JLp1,Impromptu,1991,0. 3,JR70
JoA13,Somersby,1993,0.8,DaV1
JoA15,Copy Cat,1995,0.8,UN
JoD5,Hollywood Boulevard,1976,0.2,RCoxx
JoD5,Hollywood Boulevard,1976,0.2,RCo37
JoF1,Little Man Tate,1991,0.3,LMa8
JoF1,Little Man Tate,1991,0.2,MS21
JoL7,Fanny,1960,0.9,MAl2
JoS1,Cousins,1989,0.9,JCT1
JoS13,Dying Young,1991,0.7,ArH208
JoW15,Cry Baby,1990,0.4,JoW10
JPM10,Bob Le Flambeur,1955,0.5,IH14
JqD1,Lola,1960,0.5,S9
JqD7,The Pied Piper,1971,0.8,BrW16
JqR55,Divertimento,1993,0.95,JqR50
JqT3,I Walked with a Zombie,1943,0.6,RoS15
JqT14,Curse of the Demon,1957,0.3,H31
JR35,Madame Bovary,1934,0.8,Z3210
JRu5,Sleeping With the Enemy,1991,0.25,JRu2
JRu5,Sleeping With the Enemy,1991,0.25,GyM20
JSb3,Puzzle of a Downfall Child,1970,0.1,WWn35
JSg20,Goldengirl,1979,0.5,LlB95
JSo10,Alone in the Dark,1982,0.4,H42
JSv15,Kolya,1997,0.7,RBe3
JSz4,Somewhere in Time,1980,0.7,RWB25
JTl9,Hurricane,1979,0.9,IF83
JuD3,Poil de Carotte,1932,0.99,JuD2
JuD8,Pepe le Moko,1937,0.4,HH12
JuD12,Lydia,1941,0.9,JuD9
JuD16,Anna Karenina,1947,0.9,CBw29
JuJ10,Lady Chatterley's Lover,1955,0.6,MAl13
JW2,Frankenstein,1931,0. 5,PW4
JW11,Show Boat,1936,0.9,HPo10
JW16,Port of Seven Seas,1938,0.1,AK50
JWe12,Dragnet,1954,0.9,JWe1
JWH10,Beau Hunks,1931,0.5,HBn10
JWR9,Ace of Aces,1935,0.3,HHu1
JZu10,Ghost,1990,0.4,FC35
KaA10,Shadow of a Doubt,1991,0.95,H38
KBi5,Interlude,1968,0.8,GrR3
KBr18,Hamlet,1996,0.8,LOl2
KCo25,An Arabian Adventure,1979,0.8,MP4
KeA19,Three Men in a Boat,1956,0.9,GCt50
KeA23,Swiss Family Robinson,1960,0.8,ELu30
KeA34,Those Daring Young Men in Their Jaunty Jalopies,1969,0.5,KeA31
KeA34,Those Daring Young Men in Their Jaunty Jalopies,1969,0.5,BE12
KeA36,Call of the Wild,1972,0.9,W66
KeA38,Fifth Musketeer,1978,0.5,RDL12
KeC1,Dances with Wolves,1990,0.4,DeD50
KFi10,Airplane II: The Sequel,1982,0.2,StK8
KFi10,Airplane II: The Sequel,1982,0.01,CR18
KFr10,Mad Love,1935,0.95,RW30
KKo36,My Man Godfrey,1957,0.9,GLC12
KKw10,The Beautician and the Beast,1996,0.6,WLa42
KrD10,Scalawag,1973,0.9,IHk10
KuN12,Island of Lost Men,1939,0.8,StW7
KuN42,Tarzan and the She-Devil,1953,0. 3,FBu8
KuN46,Rummelplatz der Liebe,1954,0.99,KuN45
KV40,Stella Dallas,1936,0.95,HK25
EAB8,Between Two Worlds,1944,0.8,RM8
KV60,Ruby Gentry,1952,0.7,KV56
KV67,A Farewell to Arms,1957,0.9,FB27
LaK1,Body Heat,1982,0.8,BW4
LaK2,The Big Chill,1983,0.7,JSy10
LaK15,Grand Canyon,1991,0.6,PS3
LaK18,Wyatt Earp,1994,0.4,ISt24
LaK18,Wyatt Earp,1994,0.2,IF98
LaK18,Wyatt Earp,1994,0.1,HHa54
LaK18,Wyatt Earp,1994,0.1,IF112
LAl4,The Unseen,1945,0.3,GC26
LAl4,The Unseen,1945,0.3,LAl2
LB12,Wuthering Heights,1952,0.8,WW45
LB26,Le Journal d'une Femme de Chambre,1964,0.9,JR81
LB30,La Voie Lact\'ee,1968,0.4,PeB4
LBn10,"Zontar, The Thing from Venus",1966,0.9,RCo4
LBu1,Alice In Wonderland,1951,0.7,NML4
LCh2,Black Caesar,1973,0.5,MLR4
LeJ10,Lady for a Night,1939,0.5,VF44
LeK10,Small Town Girl,1952,0.8,W70
LeN8,Three Men and A Baby,1987,0.95,CSe10
LgC30,La Boheme,1988,0.9,PLS10
LiA20,If ...,1968,0.5,JVi10
LiB1,Madame X,1929,0.9,FLl10
LlB21,Moby Dick,1930,0.7,MlW5
LlB50,The Goldiggers of 1937,1937,0. 5,BBe1
LlB64,Invisible Stripes,1939,0. 8,C115
LlB100,The French Line,1954,0.7,WAS80
LiW8,All Screwed Up,1974,0.3,RC10
LM9,All Quiet on the Western Front,1930,0.5,GP11
LM11,Rain,1932,0.8,RaW24
LM32,Les Mis\'erables,1952,0.8,RcF10
LM38,Mutiny on the Bounty,1962,0.8,FLl13
LMa4,Zazie dans le Metro,1961,0.6,LMa3
LMa4,Zazie dans le Metro,1961,0.2,FF7
LMC16,Love Affair,1939,0.5,TG8
LMC19,The Bells of St.~Mary's,1945,0.5,LMC18
LMC23,An Affair to Remember,1957,0.8,LMC16
LMf10,Flubber,1997,0.9,RoS85
LoK30,The Way of All Flesh,1940,0.9,VF23
LPh4,The Red Badge of Courage,1977,0.9,IH15
LRF10,Manhandled,1949,0.8,ADw27
LRF20,Tropic Zone,1953,0.8,REn50
LSh1,Charlie Chan at the Wax Museum,1940,0.5,C91
LuB20,Pygmalion,1937,0.8,xEn10
LuM13,Born Yesterday,1993,0.9,GC33
LuM16,When a Man Loves a Woman,1994,0.8,BE8
LuV50,The Leopard,1963,0. 3,JR70
MA6,The Passenger,1975,0.3,H69
MaB10,Blood and Black Lace,1964,0.5,FM3
MAD10,Paradise,1991,0.9,UN
MB2,The Twelve Chairs,1970,0.4,MBa27
MB2,The Twelve Chairs,1970,0.4,RWa80
MB4,Young Frankenstein,1974,0.3,JW2
MB4,Young Frankenstein,1974,0.3,WA4
MB15,When Things were Rotten,1985,0.7,C112
MBe10,Devil in the Flesh,1987,0.9,CAL15
MBo10,Ultimi Giorni di Pompeii,1960,0.9,MCC12
MBr25,Meet Joe Black,1998,0.9,ML2
MC11,Th\`eres\'e R\'aquin,1953,0.6,TG30
MCC12,The Last Days of Pompeii,1935,0.8,CGl50
MCi10,Desperate Hours,1989,0.9,WW68
MCJ10,Memphis Belle,1990,0.7,WW60
MCJ12,Doc Hollywood,1991,0.1,CBm10
MCJ18,The Jackal,1997,0.9,FZ19
McR50,Woman to Woman,1946,0.9,H3
MCy5,Electra,1962,0.7,MCy2
MdO115,Vale Abrao,1992,0.9,JR35
MDy10,Jeanne and the Perfect Guy,1999,0.5,JqD4
ME180,The Lodger,1932,0.8,H9
MFi16,The Browning Version,1994,0.8,HbR1
MHo10,Flash Gordon,1980,0.98,FkS10
MiC20,Looker,1981,0.5,BFo12
MiG19,"Move Over, Darling",1963,0.9,GaK5
MiJ12,Clean Slate,1994,0.8,HaR18
MiJ15,Volcano,1997,0.8,RDo36
MiT3,Mister Quilp,1975,0. 9,ThB70
MiW22,Death Wish,1974,0.8,PhK50
MiW30,The Big Sleep,1978,0.95,HH28
MiW43,Wicked Lady,1983,0.9,LAr4
MiJ12,Clean Slate,1994,0.15,H27
MLi10,Flesh Gordon,1974,0.9,FkS10
MLR14,Gold Diggers of 1933,1933,0.8,RdR10
MLR22,Waterloo Bridge,1940,0.9,JW1
MLR30,Without Reservations,1946,0.5,FC25
MLR31,Desire Me,1947,0.5,HWx45
MLR32,Little Women,1949,0.99,GC12
MLR35,Quo Vadis,1951,0.7,CDM56
MLR40,Lovely To Look At,1952,0.9,WAS83
MLR42,Rose-Marie,1954,0.9,WvD58
MM20,The Keep,1983,0.8,SP25
MM30,The Last of the Mohicans,1992,0.9,GBS92
MMG10,Werewolf of Washington,1973,0.8,StW10
MMy10,Austin Powers: The Spy Who Shagged Me,1999,0.2,GH12
MMy10,Austin Powers: The Spy Who Shagged Me,1999,0.2,LGt31
MN11,Heartburn,1986,0.7,AJP3
MN27,The Birdcage,1996,0.9,EMo20
MNi10,The Icycle Thief,1987,0.4,JuD20
MkP1,Afraid of the Dark,1992,0.2,RoP2
MkP1,Afraid of the Dark,1992,0.2,CR17
MkP1,Afraid of the Dark,1992,0.2,MP35
MP18,The Elusive Pimpernel,1951,0.9,HY1
MR7,The Outrage,1961,0.99,AkK12
MR25,Back Roads,1980,0.9,FC25
MRP43,New Jack City,1991,0.6,MVP20
MRP43,New Jack City,1991,0.4,BdP16
MRs10,The Prize,1963,0.3,H69
MRy21,Intersection,1994,0. 9,ClS22
MS26,Cape Fear,1991,0.9,JLT19
MS30,Casino,1996,0.8,NNo3
MSa8,Follow the Fleet,1936,0.7,LuR10
MSz10,Which Way is Up?,1977,0.8,LiW6
MtC15,The Mask of Zorro,1998,0.8,RM12
MuB5,The Beachcomber,1954,0.9,EP1
MVP43,New Jack City,1991,0.3,MVP20
MVP43,New Jack City,1991,0.3,BdP16
MxS12,Nightmare,1956,0.95,MxS5
NeJ12,The Company of Wolves,1984,0.4,GWg16
NeJ15,We're No Angels,1989,0.8,C160
NF27,The Sign of Zorro,1960,0.8,RM12
NiM5,Time After Time,1979,0.6,H9
NiM5,Time After Time,1979,0.3,GPl10
NMe10,The Parent Trap,1998,0.9,DvS3
NML21,The Kid from Brooklyn,1946,0.9,LMC13
NNo3,Las Vegas Lady,1976,0.8,AII3
NNo11,Roman Holiday,1987,0.9,WW67
NoE3,Sleepless in Seattle,1993,0.5,LMC23
NoE5,The Women,1995,0.9,GC19
NoE8,You Got Mail,1998,0.8,EL65
NoL45,The Monkey's Paw,1948,0.9,WR60
NOs8,Shinjuku Dorobo Nikki,1966,0.5,JG15
NSm10,Calling All Husbands,1940,0.5,UN
NSm10,Calling All Husbands,1940,0.4,UN
NT40,Mrs.~Wiggs of the Cabbage Patch,1935,0.9,HuF8
NT55,The Adventures of Tom Sawyer,1938,0.7,ICr5
NT70,Broadway Melody of 1940,1940,0.5,RdR56
NT110,Living it Up,1954,0.9,W74
NT120,Bundle of Joy,1957,0.9,GaK4
NuJ3,How to Be Very Very Popular,1955,0.8,ElN5
NyA10,Dom Ne Peske,1991,0.4,LB25
OlA14,Irma Vep,1997,0.5,LFl30
OlH1,Tentacles,1977,0.8,SS6
OlS25,U-Turn,1997,0.8,IDa14
OlS23,Nixon,1995,0.7,AJP3
OP8,Laura,1944,0.5,GaK5
OP10,A Royal Scandal,1945,0.95,EL44
OP17,Whirlpool,1950,0.4,H42
OP24,Carmen Jones,1954,0.8,CDM15
OP28,Saint Joan,1957,0.7,VF48
Opa2,An Ideal Husband,1999,0.8,AK96
Opa2,An Ideal Husband,1999,0.1,AA29
OW1,Citizen Kane,1940,0.3,WKH10
OW2,The Magnificent Ambersons,1942,0.8,UN
PaH118,The Landlady,1961,0. 5,H73
PAl21,All About My Mother,1999,0.5,JLM9
PaM10,Orient Express,1934,0.5,EG11
PBa3,Death Race 2000,1975,0.5,RCo47
PBm2,Men Don't Leave,1989,0.9, Z8220
PBo5,"What's Up, Doc?",1972,0.7,HH21
PCo11,And Then There Were None,1974,0.8,RC19
PCo12,The Spiral Staircase,1975,0.92,RSi23
PCr8,The Hound of the Baskervilles,1972,0.8,TFi10
PCz15,Catherine the Great,1933,0.8,S15
PCz30,Dreaming Lips,1937,0. 95,PCz10
PdB3,Cartouche,1961,0.8,ChJ30
PdB6,That Man from Rio,1964,0.5>,TYg18
PDu3,The House That Dripped Blood,1971,0.2,RSt344
PeG5,Becket,1964,0. 8,GHo10
PeG6,Hotel Paradiso,1966,0.7,EG11
PGr16,Prospero's Books,1991,0.5,PMa8
Phk40,Kid Galahad,1962,0.9,C109
PhN17,Sliver,1993,0.8,H51
PhN22,The Bone Collector,1999,0.8,H51
PHt13,Gulliver's Travels,1976,0.5,DFl10
PHw10,Bill and Ted's Bogus Journey,1991,0.4,InB17
PHy15,Running Scared,1986,0.5,WHl10
PHz10,The Harder They Come,1973,0.2,SeC10
PK5,The Invasion of the Body Snatchers,1978,0.8,DS13
PK6,The Wanderers,1980,0.7,GgL2
PLe10,Monsieur Hire,1990,0. 4,KrK10
PlL2,The Cat and the Canary,1927,0.6,AEG25
PLS10,Mimi,1935,0.8,KV24
PM2,Alex in Wonderland,1970,0.8,FF9
PM10,Down and Out in Beverly Hills,1986,0.7,JR25
PM11,Moon Over Parador,1988,0.8,RFl40
PMo15,Heat,1972,0.7,BW8
PMo17,Women in Revolt,1972,0.7,GC12
PMo24,The Hound of the Baskervilles,1977,0.8,TFi10
PNe4,The Glass Menagerie,1987,0. 9,IrR20
PnM10,Awakenings,1990,0.25,RNe10
PnM10,Awakenings,1990,0.25,MF5
PnM10,Awakenings,1990,0.25,BLe6
PnM12,A League of their Own,1992,0.8,MWl10
PS4,The Lady Eve,1941,0. 5,TG8
PSc12,American Gigolo,1979,0.6,IS6
PSc20,Cat People,1982,0.8,JqT2
PSe10,Naked Gub 33 1/3: The Final Insult,1994,0.3,BdP21
PTa50,"Good Morning, Babylon",1987,0.2,DWG52
PtF10,Hercules,1959,0.7, PFo10
PtP10,Wrongfully Accused,1998,0.8,ADv17
PUs4,Romanoff and Juliet,1961,0.8,GC15
PWr8,Witness,1985,0. 3,TTz9
PWr14,Green Card,1989,0.2,H27
QTa1,Reservoir Dogs,1992,0.4,IH14
QTa1,Reservoir Dogs,1992,0.4,JlC4
RaK7,The Blue Lagoon,1981,0.9,FLd18
RAl71,Thieves Like Us,1973,0. 8,NR1
RAl74,"Buffalo Bill and the Indians, or Sitting Bull's History Lesson",1976,0.7,GSt3
RAl90,Vincent and Theo,1990,0.4,VM19
RAC20,Battlestar Galactica,1978,0.7,GgL3
RaT22,A Tale of Two Cities,1957,0.8,WmH10
RaT26,The Thirty-nine Steps,1959,0.9,H27
RaT30,A Pair of Briefs,1961,0.8,GC30
RaW20,The Loves of Carmen,1927,0.8,CDM15
RaW61,They Drive by Night,1940,0.7,AM15
RaW63,They Died With Their Boots On,1941,0.8,ThI20
RaW64,The Strawberry Blonde,1941,0.9,StR5
RaW65,Manpower,1941,0.9,HH13
RaW65,Colorado Territory,1949,0.9,RaW62
RaW73,One Sunday Afternoon,1949,0.9,StR5
RaW85,Band of Angels,1957,0. 7,VF44
RbC20,The Pack,1977,0.8,H79
RBi10,Vampire's Kiss,1989,0.4,GRo12
RbR14,A Few Good Men,1992,0.8,EDm34
RbR22,The Story of Us,2000,0.6,DMa15
RBS10,That Wonderful Urge,1948,0.9,IrC10
RbM1,Murder by Death,1976,0. 3,IH1
RbM1,Murder by Death,1976,0. 3,WvD51
RC10,A nous la Libert\'e,1931,0.2,CC43
RC21,La Beaut\'e du Diable,1949,0.8,FM6
RcF10,Les Mis\'erables,1946,0.8,RyB12
RCm10,Macon County Line,1973,0.7,DHo1
RCo15,"I, Mobster",1958,0. 5,RCo14
RCo35,Tower of London,1962,0.9,RVL30
RCo45,The St.~Valentine's Day Massacre,1967,0.7,HB85
RCo47,Bloody Mama,1970,0.8,BiK10
RCu12,Missile to the Moon,1959,0.9,AtH10
RCv10,Une Histoire d'Amour,1951,0.85,MOp4
RD4,The Omen,1976,0.5,WFr6
RDa5,Two-Way Stretch,1960,0.8,VrM42
RDa10,She,1965,0.9,IrP3
RDL10,The Three Musketeers,1973,0.8,GSy7
RDL12,The Four Musketeers,1975,0.5,RDL10
RDL15,Robin and Marian,1976,0.8,GDo23
RDL24,Finders Keepers,1984,0.3,BsK23
RDL24,Finders Keepers,1984,0.3,PS8
RdM8,The Dark Past,1948,0.9,ChV2
RDo20,No Way Out,1987,0.8,IFa25
RdR10,Gold Diggers of Broadway,1929,0.9,Z2310
RdR14,Terror,1928,0.9,PlL2
RdR53,Broadway Melody of 1936,1936,0.5,HB80
RdR56,Broadway Melody of 1938,1938,0.5,RdR53
RdR63,The Chocolate Soldier,1941,0.8,SFr43
RdR76,Stop! You're Killing Me,1952,0.9,LlB57
RdR90,Why Must I Die?,1960,0.8,RWi24
RDW7,Caribbean Mystery,1954,0.9,LoK3
RDo32,The Getaway,1994,0.9,SaP11
ReC5,Romeo and Juliet,1953,0.9,GC15
REn32,Slim,1937,0.9.6,HH13
REn40,Gold Diggers in Paris,1938,0.8,MLR14
REn45,Angels Wash Their Faces,1939,0.6,C115
REn50,Law of the Tropics,1941,0.45,MLR17
REn60,Man Alive,1945,0.5,BVi12
REp18,The Celluloid Closet:,1996,0.8,Z8110
RFu10,Wuthering Heights,1970,0.9,WW45
RHa4,Kind Hearts and Coronets,1949,0.2,SG30
RHf20,"I, The Jury",1982,0.9,HEs10
RHk10,Dead On,1993,0. 85,H48
RHn10,The Vampire of Dusseldorf,1964,0.9,JLo4
RHo27,The Paper,1994,0.5,HH23
RHo27,The Paper,1994,0.4,W74
RHo34,EDtv,1999,0.9,Z9080
RHr8,Road House,1999,0.9,JN9
RHu10,Lost Horizon,1972,0.9,FC27
RHv5,Critters,1986,0.6,JoD13
RiB28,Mrs.~Winterbourne,1996,0.8,ML30
RiF22,Barrabas,1962,0. 2,ASj30
RiF39,Crossed Swords,1978,0.9,WmK18
RiF48,Tough Enough,1983,0.8,IAv10
RiQ23,Paris When it Sizzles,1964,0.9,JuD20
RiQ35,The Prisoner of Zenda,1979,0.6,ICr27
RJR10,Zapped,1982,0.7,KeS10
RkM10,D.O.A.,1988,0.8,RdM10
RlE20, Independence Day,1996,0.8,ByH13
RLl13,Dazed and Confused,1993,0.5,GgL2
RM3,Dr.~Jekyll and Mr.~Hyde,1932,0.8,JSR30
RM5,Song of Songs,1933,0.9,SoS
RM12,The Mark of Zorro,1940,0.9,FrN3
RM13,Blood and Sand,1941,0. 9,FrN5
RM15,Summer Holiday,1957,0.9,CBw30
RM16,Silk Stockings,1957,0.8,EL64
RMe12,The Cat and the Canary,1978,0.9,ElN8
RMp13,Night Plane from Chungking,1942,0.8,S13
RMp15,Mrs.~Wiggs of the Cabbage Patch,1942,0. 9,NT40
RMu20,Kiss Me Goodbye,1983,0.4,DL3
RMu20,Kiss Me Goodbye,1983,0.4,BBa1
RMw3,The Phantom of the Opera,1983,0.9,TFi20
RoA25,"Hush Hush, Sweet Charlotte",1964,0. 6,RoA23
RoA41,Grissom Gang,1971,0.8,SIC10
RoL10,Anything Goes,1956,0.85,LM15
RoP4,The Fearles Vampire Killers,1967,0. 5,FM3
RoP6,Macbeth,1971,0.6,OW6
RoP9,Le Locataire,1976,0.5,RoP2
RoP20,Bitter Moon,1994,0.5,H22
RoS13,Back Street,1941,0.9,JMS20
RoS112,The Shaggy DA,1976,0.8,RoS68
RoV5,Blood and Roses,1964,0.5,FM3
RoV7,La Ronde,1964,0.9,MOp19
RoV12,Don Juan,1973,0.6,VSh23
RRo20,General della Rovere,1959,0.4,RRo1
RrS10,Gentlemen Prefer Brunettes,1955,0.7,HH34
RRw5,Hit the Deck,1955,0.9,MSa8
RRw7,These Wilder Years,1956,0.8,ESl10
RS3,Blade Runner,1981,0.2,MP19
RS30,Gladiator,1999,0.6,AnM40
RSa5,Vanishing Point,1971,0.7,DHo1
RSi40,Criss Cross,1948,0.1,BW4
RSpB5,Jack the Ripper,1959,0.8,H9
RSt446,"The Monkey's Paw, A Retelling",1965,0.8,NoL45
RSv10,Lifepod,1993,0.85,H39
RtB12,The Trial of Joan of Arc,1962,0.8,OP28
RtB43,L'Argent,1983,0.3,RtB10
RTh6,Huckleberry Finn,1939,0. 8,NT23
RTh35,The Prisoner of Zenda,1952,0.99,ICr27
RTh35,The Prisoner of Zenda,1952,0.99,ICr27
RTh42,The Student Prince,1954,0. 7,EL48
RTr10,Go Fish,1994,0.5,DDe10
RuJ8,The Cat Creeps,1930,0.8,PlL2
RuM30,Faster Pussycat! Kill! Kill!,1965,0.3,LM17
RVL14,The Three Musketeers,1935,0.8,FrN4
RVL10,The Count of Monte Cristo,1934,0.8,ESP15
RVL34,The Bridge of San Luis Rey,1944,0.8,ChB5
RWa10,The Shopworn Angel,1928,0.9,GMf40
RWa50,Young at Heart,1938,0. 9,C113
RWB25,I'll Never Forget You,1951,0.9,FLl12
RWF24,Despair,1978,0.3,StK6
RWF24,Despair,1978,0.3,RoP2
RWi1,Mademoiselle Fifi,1944,0.8,MhR1
RWi4,A Game of Death,1945,0.9,IrP1
RWf15,Love from a Stranger,1947,0.9,RVL16
RWi28,West Side Story,1961,0.7,GC15
RWs10,Hambone and Hillie,1984,0.7,FWx10
RxI10,Prisoner of Zenda,1922,0.9,ESP16
RyB12,Les Mis\'erables,1935,0.9,FLl1
RyB17,The Garden of Allah,1936,0.9,RxI40
RyB18,The Three Godfathers,1936,0.6,Ww12
RyK12,School for Sex,1967,0.95,RyK10
RZe3,Romancing the Stone,1984,0.6,SS8
RZe20,Contact,1997,0.4,SS7
RZe20,Contact,1997,0.3,StK8
RZe20,Contact,1997,0.2,RHo29
RZe20,Contact,1997,0.1,JoD15
RZL24,The Girl of the Golden West,1938,0.9,ECa62
RZL25,New Moon,1940,0.9,ECa64
RZL31,Weekend at the Waldorf,1945,0.9,EG11
RZL37,In the Good Old Summertime,1949,0.8,EL65
S15,The Scarlet Empress,1934,0.8,EL44
SaP4,The Wild Bunch,1969,0.6,AkK14
SaP40,The Getaway,1993,0.9,SaP11
SCs10,The Student Prince,2000,0.5,MiG30
SCs10,The Student Prince,2000,0.1,C127
SDr1,Love at First Bite,1979,0.9,EMo17
SeL20,A Fistful of Dollars,1964,0.8,AkK15
ShM15,Tidal Wave,1975,0.99,ShM5
SHo2,Taste of Fear,1961,0.8,HGC17
SHp10,Blown Away,1994,0.6,MS26
SKa10,Elizabeth,1998,0.7,GSc10
SL3,That Kind of Woman,1959,0.85,RWa10
SL15,The Appointment,1969,0.3,LB14
SL21,Murder on the Orient Express,1974,0.4,WaF15
SL28,Death Trap,1982,0. 7,JLM20
SL56,Guilty as Sin,1993,0.9,RMq10
SLa14,The Hound of the Baskervilles,1939,0.8,ME100
SLa30,Sorrowful Jones,1949,0.8,ALH8
SL62,Gloria,1999,0.8,ICs10
SFr50,The Dark Angel,1935,0.9,GF60
SpK10,Maximum Overdrive,1986,0. 8,JT5
SPo8,Hanky Panky,1982,0.4,H61
SPo8,Hanky Panky,1982,0.4,H69
SP37,Three Days of the Condor,1975,0.5,H27
SP65,Havana,1990,0.4,C127
SRi10,Darkman,1990,0.7,TiB6
SRm1,Blood Bath,1966,0.5,JkH10
SRo35,Drowning Pool,1975,0.5,JaS33
SRo37,Voyage of the Damned,1976,0. 8,SK7
SS7,Close Encounters of the Third Kind,1975,0.6,SS04
SS7,Close Encounters of the Third Kind,1975,0.2,FT18
SS20,Always,1990,0.8,VF47
SS32,The Lost World: Jurrasic Park,1997,0.3,HH37
SSC1,Friday the 13th,1980,0.8,MaB30
SSh10,Sudden Death,1985,0.6,MiW22
SSo13,The Jungle Book,1995,0.8,WRe20
SSo16,The Mummy,1999,0.9,TFi12
SSS45,Rio Rita,1942,0.8,LuR8
StC10,Big Bad Mama,1974,0.8,RCo47
StD61,Bedazzled,1967,0.6,WlD39
StD72,Movie Movie,1978,0.6,LlB36
StF5,Dangerous Liasons,1987,0.5,RoV3
StF10,The Grifters,1990,0.3,IH1
StF12,Hero,1992,0. 7,IF120
StH5,The Glass Key,1942,0.9,FTu25
StH15,Smash-Up,1947,0.8,BW5
StH23,I died a Thousand Times,1955,0.9,RaW45
StK3,The Killing,1956,0.4,IH14
StS2,Kafka,1991,0. 8,OW10
NOs2,Seishun Zankoku Monogatari,1960,0.7,NR11
SuS16,Making Mr.~Right,1987,0.3,DvS3
SvB10,Heavyweights,1995,0.33,SvB04
SvB10,Heavyweights,1995,0.33,SvB05
SvB10,Heavyweights,1995,0.33,MPr1
SW6,Paid,1932,0.85,Z2310
SW7,The Barbarian,1933,0.8,GMf50
SW10,A Night at the Opera,1935,0.4,RC9
SW13,Madame X,1937,0.9,LiB1
SW30,Heartbeat,1946,0.9,HDc6
SWm6,"Bye, Bye, Love",1995,0.8,KDr15
SWm10,The Out-of-Towners,1999,0.9,ArH207
TaH6,Against All Odds,1983,0.8,JqT7
TbH3,Death Trap,1976,0.7,H73
TB50,The Unholy Three,1930,0.95,TB45
TB67,Mark of the Vampire,1935,0.9,TB35
TFi10,The Hound of the Baskervilles,1958,0.9,SLa14
TFi12,The Mummy,1959,0.9,KFr1
TFi20,The Phantom of the Opera,1962,0.9,ArL36
TFi24,The Gorgon,1964,0.1,TFi20
TG22,Cheers for Miss Bishop,1941,0.7,SW15
TG30,The Postman Always Rings Twice,1946,0.8,LuV1
TGr10,Deep in the Heart,1983,0.8,MiW22
TG11,China Seas,1935,0.4,VF33
TG30,The Postman Always Rings Twice,1946,0.6,BW4
ThB30,The Old Curiosity Shop,1921,0.9,ThB10
ThB70,The Old Curiosity Shop,1935,0.9,ThB30
TiB2,Batman,1989,0.3,LHM3
TiB17, Mars Attacks,1996,0.1,DCh10
TiB17, Mars Attacks,1996,0.2,TiB15
TLo10,Chain of Desire,1993,0.9,MOp19
TmM1,Dragnet,1987,0.8,JWe12
TNu3,Hedda,1975,0.9,PFo25
TNu10,Lady Jane,1986,0.9,RoS3
ToH30,Invaders from Mars,1986,0.9,WCa10
ToS1,The Hunger,1983,0.8,TB55
ToS5,Top Gun,1986,0.3,TaH5
ToT10,"Godzilla, King of the Monsters",1954,0. 9,EuL10
TRs18,Joseph Andrews,1977,0.8,TRs12
TSa1,Night of the Living Dead,1990,0.9,GRo1
TSt1,Rosenkrantz and Guildenstern are Dead,1990,0.6,FZe15
TTz8,Johnny Allegro,1948,0. 4,KV55
TTz8,Johnny Allegro,1948,0. 4,IrP1
TTz11,Gambling House,1950,0.8,HCP12
TWh45,Higher and Higher,1943,0.2,FTu7
TWh50,Step Lively,1944,0.8,WAS95
TYg8,Safari,1956,0.8,EHG38
UlO17,The Portrait of Dorian Gray in the Yellow Press,1984,0.8,ALe2
VeZ10,Fade to Black,1980,0.3,HHa31
VF55,Dr.~Jekyll and Mr.~Hyde,1941,0.9,RM3
VF59,Joan of Arc,1948,0.7,CDr9
VGu25,Up the Creek,1984,0.9,VrM40
VJD5,Babes in Toyland,1961,0.7,GMe10
VM8,Madame Bovary,1949,0.9,JR35
VM11,The Bad and the Beautiful,1952,0.5,W73
VM13,The Band Wagon,1953,0.8,IgR14
VM22,Gigi,1958,0.8,JqA10
VME10,Gus,1976,0.8,RoS85
VME14,Treasure of Matecumbe,1976,0.5,ByH8
VrM40,Oh Mr.Porter,1938,0.7,WaF10
VrM60,The Ghost of St.Michaels,1941,0.8,WaF10
VrS20,Woman to Woman,1929,0.9,H3
VrS25,Friday the Thirteenth,1933,0.4,ChB5
VSh23,The Adventures of Don Juan,1949,0.5,AK59
VtH10,Jew Suss,1940,0.7,LoM10
W13,A Star is Born,1937,0.8,GC7
W75,Men with Wings,1938,0.8,W30
W77,Beau Geste,1939,0.9,HBn10
W78,The Light That Failed,1940,0.9,GMf60
WA2,Bananas,1971,0.4,RFl40
WA2,Bananas,1971,0.3,IH29
WA5,Love and Death,1976,0.5,KV64
WA6,Annie Hall,1977,0.3,InB18
WA8,Manhattan,1979,0.7,H51
WA9,Stardust Memories,1980,0.3,FF9
WA9,Stardust Memories,1980,0.3,MB4
WA10,A Midsummernights Sex Comedy,1982,0.4,InB16
WA16,Another Woman,1988,0. 6,InB18
WA21,Manhattan Murder Mystery,1993p,0.7,H51
WA25,Everyone Says I Love You,1997,0.2,VM10
WaF40,The Ghost Train,1941,0.8,WaF10
WaB10,Little Miss Marker,1980,0.8,ALH8
WAS100,Three Blind Mice,1938,0.8,RdR10
WBe1,Heaven Can Wait,1978,0.8,AlH24
WBe12,Love Affair,1993,0.8,LMC16
WBo10,"Feuer, Eis, und Dynamit",1982,0.8,LGt32
WCl19,Calling Philo Vance,1938,0.9,C94
WCr4,Last House on the Left,1972,0.85,InB21
WCr40,New Nightmare,1994,0.9,WCr15
WCr43, The Haunting ,1996,0.9,RWi29
WCr48,Music of the Heart,1999,0.4,MWe15
WCr48,Music of the Heart,1999,0.4,Z9605
WFr9,Sorcerer,1977,0.9,HGC6
WFr40,The Guardian,1990,0.5,WFr6
WGi5,Grizzly,1976,0.8,SS6
WGi10,Day of the Animals,1977,0.7,H79
WGi15,The Manitou,1978,0.8,WFr6
WH9,Nosferatu the Vampyre,1978,0.8,FM3
WHl4,The Warriors,1979,0.3,StK9
WhR10,Handgun,1993,0.3,HlH3
WhR10,Handgun,1993,0.3,QTa1
WHu10,Henry VIII and His Six Wives,1972,0.9,AK57
WiB180,The Chinese Ring,1947,0.9,WlN12
WiC50,House on Haunted Hill,1959,0.3,BsK6
WiC55,Homicidal,1961,0.7,H73
WiD20,Angels in the Outfield,1994,0.9,CBw48
WiW29,City of Angels,1998,0.8>,WiW20
WLa23,Moon over Miami,1941,0.9,WAS100
WLa27,Coney Island,1943,0.9,RaW27
WLa29,State Fair,1945,0.9,HK50
WLa38,On the Riviera,1951,0.4,IrC81
WLa38,On the Riviera,1951,0.4,RdR48
WLa42,The King and I,1956,0.8,ICr38
WLa50,Snowwhite and the Three Stooges,1961,0.3,DvH10
WlB14,Treasure of Monte Christo,1949,0.7,RVL10
WlC10,Blacula,1972,0.8,TFi9
WlD6,Ihre Majestaet Befehlt,1931,0.85,EL51
WlD7,La majeste demande,1931,0.99,WlD6
WlD15,Adorable,1933,0.99,WlD6
WlD20,Madame du Barry,1934,0.8,EL31
WlD29,Satan Met A Lady,1936,0.8,RDR32
WlD36,The Hunchback of Notre Dame,1939,0.8,WWo10
WlD39,All That Money Can Buy,1941,0.8,FM6
WlD43,I'll Be Seeing You,1944,0.9,WlD43
WlD51,Rope of Sand,1949,0.5,C127
WlD61,Elephant Walk,1954,0.3,H33
WlD61,Elephant Walk,1954,0.3,RoS15
WlH10,Bunker Bean,1936,0.9,HB60
WlJ14,Alice In Wonderland,1951,0.7,NML4
WMa3,House on Haunted Hill,1999,0.8,WiC50
WmK18,The Prince and The Pauper,1937,0.9,AK26
WmK27,Torrid Zone,1940,0.6,LM10
WoR25,Cairo,1963,0.9,IH14
WRe20,The Jungle Book,1967,0.9,ZK4
WRe40,Daffy Duck's Quackbusters,1988,0.8,IvR6
WR120,Too Many Husbands,1938,0.5,BVi12
WS5,Die Dreigroschenoper,1963,0.8,GP13
WSa5,The Incredible Melting Man,1977,0.8,RDa3
WSa10,Galaxina,1980,0.4,RS2
WSa10,Galaxina,1980,0.4,GgL3
WSt10,Alice's Adventures in Wonderland,1972,0.8,WlJ14
WvD58,Rose Marie,1936,0.8,LuH8
WvD72,Bitter Sweet,1939,0.9,HWx10
WW12,Hell's Heroes,1929,0.9,IF15
WW46,The Letter,1940,0.9,JdL12
WW68,Desperate Hours,1955,0.8,IH12
WW73,Desperate Hours,1955,0. 8,RdM8
WW81,Ben Hur,1959,0.9,FrN8
WW82,The Children's Hour,1962,0.9,WW41
xAb1,Docks of New Orleans,1948,0.9,WlN10
xDe10,"Carmen, de la Ronda",1959,0.8,ChV26
xdH10,The Loves of Don Juan,1950,0.9,xFa10
xFa10,The Loves of Don Juan,1948,0.6,AK59
xGa10,St.Joan -- The Maid,1929,0.8,CDr9
xGr10,The Count of Monte Cristo,1974,0.8,RVL10
xHu10,Anjuman,1948,0. 8,ReC5
xTu10,Robot Monster,1954,0.4,HRo5
xUc10,"Das M\""dchen Johanna",1938,0.8,xGa10
YOz75,Floating Weeds,1959,0.95,YOz20
YvR3,Men Only Think of That,1954,0.7,VSh23
Z1120,They Knew What They Wanted,1930,0.9,Z1110
Z1220,Within the Law,1917,0.9,Z1210
Z1230,Within the Law,1923,0.9,Z1220
Z1610,The Phantom of Hollywood,1974,0.7,TFi20
Z2810,Sexworld,1980,0.8,MiC5
Z3520,The House on the Square,1935,0.8,FLl62
Z4338,Cleopatra,1917,0.9,EGz10
Z5010,Mr.~Frenchie,1950,0.7,GM200
RWi31,The Sound of Music,1965,0.8,Z5620
Z6940,"A Reason to Live, a Reason to Die",1969,0.9,RoA28
Z6930,The Devil's Brigade,19yy,0.9,RoA28
Z8210,I Married a Shadow,1982,0.9,WR42
Z8875,The Jazz Singer,1990,0.8,AC8
Z9110,Madame Bovary,1991,0.9,VM8
Z9360,Sommersby,1993,0.9,DaV1
Z9365,Silent Cries,1993,0.9,JN13
Z9410,Miracle on 34th Street,1994,0.95,GS3
Z9688,The Nutty Professor,1996,0.85,JL13
Z9788,The Prince of Egypt,1998,0.8,CDM80
Z9920,Cruel Intentions,1999,0.8,StF5
